"APPLICATION_NUMBER","Annual_Demand_2017_2019","Annual_Demand_2017_2020","Annual_Demand_2017_2022"
"A012919A",44198.98,36358,36836
"H510424",0,NA,0
"H509523",0,0.05,0.05
"D033083",0,NA,0.04
"H505997",0,0.69,1.04
"H508419",0,NA,NA
"H033072",10.98,NA,NA
"H507877",0,0,0
"H507821",0,0.08,0.08
"H507549",0,0.68,0.83
"H507504",3.79,2.33,2.33
"H506245",0.24,0.15,0.16
"H505809",0,NA,NA
"H505968",0.24,0.24,0.2
"H505765",0,0.12,0.06
"D033025",0,NA,NA
"H503838",0.28,NA,NA
"D030731",6.88,6.54,6.89
"H500800",0.12,0.12,0.12
"H502560",0.04,0.04,0.05
"H500658",3.1,0,0
"H501536",0,NA,0
"H501586",0,0,0
"H501328",0,NA,NA
"H501505",0,0,0
"H500832",0.15,0.14,0.14
"H500889",0.12,0.08,0.05
"H032924",0,NA,3
"H500399",0,0.04,0.04
"H500522",1.4,NA,NA
"H500244",0.23,0.23,0.1
"D032859",0.32,0.27,0.25
"D032762",2.24,2.08,1.99
"D032249",2.17,2,2.45
"D032187",5.64,5.28,4.86
"D032141",0.12,0.1,0.1
"L031415A",0,0.22,0.35
"H032345",1,0.5,0.33
"D032346",1,0.8,0.84
"H032331",12.05,14.01,15.04
"D032314",1,0.67,0.67
"D032313",0,1.8,5.94
"L032279",0,0,0
"L032271",0.08,0.1,0.08
"D032262",2.02,1.63,1.22
"L031422",0,0,0.06
"D032238",1.5,2.07,3.54
"D032041",2,1.77,1.45
"D032206",4.5,4.5,4.33
"L032148",0.33,0.5,0.6
"L032146",0.33,0.29,0.26
"L032147",1,1.5,1.8
"D032143",0,0,0
"D032140",7.1,7.05,7.02
"L032128",2.1,10.5,7.31
"H032131",6.51,6.21,8.34
"D032081",0,NA,NA
"A032115",1.3,0.87,0.52
"D032057",0,0,0
"L032032",0,NA,NA
"L032027",1.2,1.2,0.93
"D032022",3.2,NA,NA
"D032013",0,0,0
"H032009",6.53,1.53,1.02
"L032006",1.26,0.98,1.07
"H031997",15.76,15.32,12.38
"D031947",5,5,5
"L031908",1.93,1.75,3
"L031885",0.06,0.04,0.04
"A031877",19.44,16.23,13.86
"A031870",44.89,48.4,48.05
"A031836",2.96,2.9,2.29
"D031801",4.23,3.28,2.41
"L031764",1.5,1.45,1.1
"D031731",0,NA,NA
"L031669",0,0.01,0.02
"D031668",2.32,2.29,1.87
"D031660",4.5,4.5,3.85
"D031630",5.88,5.88,5.22
"D031627",0,0,0
"L031424",0,0,0.01
"L031607",0.71,0.87,0.58
"L031605",0.71,0.87,0.58
"D031606",0.71,0.87,0.6
"D031603",0,0,0
"D031592",8,6.02,4.01
"D031589",6.78,NA,NA
"L031582",5.5,5.76,4.21
"L031573",0,0.08,0.13
"D031563",0.06,0.08,0.08
"D031542",0.5,0.38,0.25
"L031528",7.7,7.7,5.3
"D031475",0.67,0.5,0.33
"L031457",0,0,0
"A031461",3.35,2.42,2.42
"A031447",0,0,0
"A031435",0,NA,NA
"D031451",2.08,1.94,1.69
"L031423",0,0,0.08
"D031476",0,0,0
"D031477",0.19,0.14,0.09
"D031472",0,0,0
"L031420",0,0.75,1.25
"L031414",4.28,4.7,4.97
"D031427",1.1,1.1,1.1
"D031411",8.07,6.16,4.33
"L031392",1.21,1.45,1.32
"L031393",2.33,2.85,2.58
"L031391",2.77,3.35,3.05
"A031383",11.35,8.9,5.34
"D031380",0.59,0.56,0.56
"D031410",0,0,0
"L031378",0,0,0
"D031376",8,8,7.67
"D031390",2.53,2.55,2.75
"L031353",0.74,0.58,0.66
"L031319",1.48,1.41,1.77
"D031318",1.05,1.09,1.89
"A023869",0,0,0
"A031255",16.23,16.4,13.52
"A031259",17.65,15.13,15.64
"A031183",0,0,0
"D031143",9.43,8.4,8.14
"A031171",8.43,6.9,5.98
"D031146",0.06,0.05,0.03
"D031098",2.1,1.93,1.54
"A031095",10.16,8.59,8.31
"A031050",0,0,0
"D030985",2.31,1.86,1.24
"A031060",8.63,12.47,11.82
"A031059",0.27,0.33,0.22
"D030969",0.96,1.02,0.93
"A030931",1.57,1.65,1.39
"D031005",3.89,3.16,2.71
"D030904",0,0,0
"D030890",0,0,0
"D030863",0,0,0
"D030898",0.17,0.12,0.08
"D030759",0,0,0
"D030760",0.66,0.75,0.76
"D030891",0,0,0
"D030712",0,0.02,0.02
"D030820",10,10,10
"A030745",10.12,8.93,10.12
"D030881",0,0,0
"A030815",9.33,7.28,5.82
"D030732",2.47,2.25,2.3
"D030727",0,0,0
"D030755",0,0,0
"C006052",0,0.33,0.68
"C005522",0,0.67,1.38
"C005521",0.35,0.38,0.48
"C005834",1.34,NA,NA
"C005624",6.34,5.42,6.1
"C005343",0.5,0.55,0.5
"C005165",0.74,0.75,0.62
"C005164",0.73,0.78,0.77
"C005163",1.77,1.6,1.75
"C005162",1.7,1.62,1.68
"C005161",0.23,0.25,0.22
"C005166",0.82,0.95,0.85
"A030564",0,0,0
"A030560",0,0,0
"D030427",0.45,0.46,0.43
"A030412",6.29,6.72,7.32
"A030397",0,0,1
"A030363",8.79,9.07,9.23
"D030346",0.82,0.92,0.9
"A030349",5.21,4.97,5.71
"A030365",0,0,0
"A030364",12.73,0,0
"D030286",0.27,0.27,0.2
"A030282",0,0,0
"D030221",0.96,0.98,0.75
"D030211",0.6,0.6,0.57
"A031094",0,0,0
"A030132",9.89,7.76,8.6
"A030036",7.4,5.68,4.54
"A029995",0,0,0
"A029912",35.34,0,5.8
"A029789",0,0,0
"A029755",24.57,21.25,29
"A029723",6.82,5.58,3.86
"A029719",17.33,19.5,21.67
"A029662",0,0,0
"A029682",103.56,94.02,128.23
"D029650",0,0,0
"A029632",34.46,22.84,15.23
"A029616",134.01,100.5,102.38
"A029595",4.9,6.5,6
"D029572",0,0,0
"A029547",10.34,13.8,15.69
"A029517",0,0,0
"A029480",6.79,6.78,6.89
"A029467",1.26,2.19,1.76
"A029479",3.1,3.1,3.1
"D029448",0,0,0
"A029512",6.39,6.26,8.64
"A029437",0,0,0
"A029419",20.27,24.82,97.42
"A029418",153.93,151.6,111.72
"A029412",0.54,0.54,0.65
"A029411",0.63,0.63,0.48
"A029406",1.03,0.88,0.74
"A029401",6.67,7.5,8.33
"A029372",1.97,1.73,1.46
"A029592",60.67,51.75,44.9
"A029591",1.83,1.68,1.34
"A029338",0,0,0
"A029327",3.5,3.06,3.02
"A029267",0,0,0
"A029203",0,0,0
"A029202",46.57,40.92,36.2
"A029122",1.8,1.57,2.83
"A029108",4.72,3.54,3.74
"A029087",1.23,1.1,0.98
"A029086",0,0,0
"A028927",11.06,16.83,16.62
"A028926",5.21,5.11,5.81
"A028925",0,0,0
"A028886",6,4.5,4.8
"A028855",8.67,9.5,8.83
"A028854",2.58,6.56,6.18
"A028824",17.99,18.5,19.5
"A028790",4.58,4.3,3.9
"A028787",8.3,8.3,8.3
"A028786",0,0,0
"A028738",1.11,1,1.01
"A028715",2.13,2.14,1.99
"A028676",0,0,0
"A028668",0,7881,5254
"A028653",0,0,0.05
"A028633",0.44,0.45,0.45
"A028632",0.5,0.84,0.84
"A028651",0,NA,NA
"A028650",4.2,NA,NA
"A028649",0.41,0.39,0.42
"A028648",0,0.01,0.01
"A028647",0,0.7,0.7
"A028643",2.67,3,4
"A028642",0.57,0.43,0.35
"A028641",0,0,0
"A028640",2.76,2.88,2.43
"A028636",2.66,2.8,2.65
"A028635",0,0,0
"A028320",400.95,329.09,252.69
"A028319",716.7,537.59,410.53
"A028176",31.61,24.12,22.84
"A028127",49,49,39.2
"A028116",10.67,8,5.33
"A027992",3.86,3.1,2.23
"A027955",2.03,3.8,2.53
"A027943",29.66,23.05,20.45
"A027942",0,0,0
"A027941",89.44,100.53,93.13
"A027892",42.99,33.5,56.83
"A027791",31.22,26.56,24.34
"A027596",11.17,12.11,13.48
"A027584",10.66,15.25,19.6
"A027583",39.99,40,38.8
"A027582",111.66,112,106
"A027581",27.33,27.25,27.6
"A027557",14,14,11.33
"A027541",1.7,2.55,2.04
"A027460",0.17,0.13,0.1
"A027440",7.67,5.75,3.83
"A027327",2,3,2
"A027301",0,0,0
"A027177",0,0,0
"A027075",0,0,0
"A027036",0,0,0
"A026938",3.72,2.79,1.87
"A026927",6.68,5.01,3.34
"A026769",0,0,0
"A026672",0.74,0.74,0.74
"A026600",2.3,2.79,2.66
"A026470",0,3440.64,2293.76
"A026413",0.9,0.68,0.45
"A026412",70.67,63.5,58.17
"A026402",38.66,31.5,30.5
"A026250",7.33,6.75,6.2
"A026224",7.67,5.75,3.84
"A026201",0,0,0
"A026184",0.72,0.72,0.66
"A026183",0,0,0
"A026182",0.3,0.45,0.52
"A026181",0.89,0.93,0.76
"A026143",3.59,3.6,3
"A026111",6.67,6.67,4
"A026110",0,0,0
"A026079",1.19,1.15,1.78
"A026055B",0,0,0
"A026055A",0,7,13.67
"A026022B",0,0,1.03
"A026022A",20.17,21.2,21.78
"A026016",0.02,0.01,0.01
"A025888B",0,0,0
"A025888A",0.67,0.5,0.33
"A025887B",8.73,6.55,4.98
"A025887A",56.53,52.05,49.9
"A025850",41.34,41.75,38
"A025823B",0,0,0
"A025823A03",0,0,0
"A025823A02",0,0,0
"A025823A01",2.34,1.75,1.4
"A025822B",0,0.55,3.83
"A025822A",25.02,27.59,21.65
"A025762",10.83,11,8.8
"A025749B",0,0,0
"A025749A",3.47,2.6,3.4
"A025740",8.6,8.6,7.17
"A025694",8.66,6.71,6.59
"A025691",0,88320.43,65063.77
"A025682",24.35,65.54,55.75
"C002936",0,NA,NA
"C002935",0,NA,NA
"A025596",263.5,285.6,287.68
"A025600",34,33.75,32.17
"A025405",1.89,1.9,1.33
"A025394",0,0,0
"A025344",31.02,27.25,20.83
"A025334",8,9,10
"A025282",16.63,16.9,17.75
"A025268",0.44,0.56,0.84
"A025207",0.09,0.09,0.09
"A025201",0.7,0.7,0.7
"A025154",19.81,22.27,19.69
"A025157",0.58,0.44,0.45
"A025123",4.55,6.22,4.15
"A025110",0.19,0.15,0.14
"A025084",0.17,0.16,0.16
"A025070",8.34,6.25,4.17
"A025052",0,0,0.25
"A025032",8,8.25,8.17
"A025028",0,0,0
"C000223",0,NA,NA
"C000222",0,0,0
"A025025",9.56,9,7.76
"A025019",0,0,0
"A025015",0.78,0.59,0.63
"A025005",0,0,0
"A024996",0.9,0.9,0.75
"A024995",0,0,0
"A024993",3.09,3.73,2.98
"A024972",0.15,0.16,0.1
"A024969B",0,0,0
"A024968B",1.99,2.53,2.96
"A024968A",19.47,19.75,13.48
"A024967",24.99,25,16.87
"A024959",2.95,2.52,2.03
"A024958B",0,0,0
"A024958A",0.6,NA,NA
"A024955",18.51,13.88,9.26
"A024951",2.64,2.47,1.93
"A024946",0,0.04,0.08
"A024935",0.24,0.21,0.17
"A024932",0.23,0.18,0.15
"A024931",2.23,2.54,2.11
"A024919",0.85,0.97,0.99
"A024912",0,0,0
"A024909",0,NA,NA
"A024899",0,0,3.97
"A024898",8.03,10.13,12.43
"A024894",49.44,46.42,30.95
"A024893B",0,0.12,0.08
"A024893A",24.2,23.8,15.87
"A024889",0,0,0
"A024890",19.86,23.71,20.82
"A024877",0,0,0
"A024864B",0,0,0
"A024864A",0,0,0
"A024854",1.32,2.44,16.5
"A024820",12.46,11.55,7.7
"A024807",0.26,0.25,0.2
"A024805",0,0,0
"A024790A",14,18,22
"A024791",9.32,8.94,6.12
"A024789B",1.22,0.94,1.03
"A024789A",0,0,0
"A024774",2.85,3.26,2.75
"A024763B",85.98,85.98,58.62
"A024741",17.99,18,18
"A024725",19.67,19.75,19.67
"A024691B",2.61,3.4,2.27
"A024691A",20.3,19.88,16.52
"A024682",5.01,3.75,2.5
"A024678B",0.9,1.47,0.98
"A024645",1.67,2.5,2.5
"A024617",4.4,6.19,6.51
"A024604",5.06,5.64,3.76
"A024593B",14.63,11.72,9.56
"A024593A",61.66,46.25,54.25
"A024571B",58.17,157.29,117
"A024571A",53.13,46.41,50.96
"A024522A",10.42,8.86,8.23
"A024502",3.4,2.9,2.17
"A024488",2.99,3,3
"A024457",16.51,16.62,12.25
"A024425",111.68,85.02,68.01
"A024409",2.8,2.81,1.75
"A024405",0,3,2
"A024404",0,0,0
"A013281A03",13.13,14.03,14.23
"A013281A02",55.04,54.91,38.19
"A013281A01",79.65,111.19,74.12
"A024391",1.45,1.14,1.26
"A024378",17,16.38,14.6
"A024344",4.5,4.5,4.67
"A024318",0,0,0.78
"A024311B",0,0,0.51
"A024310B",0,0.62,0.41
"A024310A",8.4,10.53,7.02
"A024311A",0.9,1.17,2.24
"A024269B",0,0,0
"A024269A",0,NA,NA
"A024266B",6.74,8.17,7.25
"A024266A",8.64,9.57,8.04
"A024209B",100.67,97.51,86.97
"A024209A",62.73,51.92,45.3
"A024205",0,0,0
"A024173",0.27,0.2,0.16
"A024163",3.5,2.64,1.76
"A024139",0,0,0
"A024141",0.88,2.52,2.16
"A024140",37.43,33.87,24.5
"A024130",36.66,35.5,31.33
"A024126",20.33,20.25,19.6
"A024104",7,7,7
"A024101",1.7,2.56,2.24
"A024056",38.99,34.5,29.8
"A024053",5.47,6.2,5.4
"A024051",56.78,59.85,49.39
"A024050",0.07,0.23,1.01
"A024044",12.85,10.76,8.61
"A024028",32,32.75,31.83
"A024025",0,0,0
"A024017",23,23,23
"A024014",0.45,0.56,0.87
"A024010",6.2,4.66,3.71
"A024013",1.68,3.14,3.66
"A023949",6.53,8.5,10
"A023926B",0.03,0.03,0.02
"A023926A",0.04,0.03,1.81
"A023916",0.13,0.11,0.08
"A023902",0,0,0
"A023895",0,0,0
"A023880",49.9,49.9,44.27
"A023868",0,0,0
"A023840",0,0,6
"A023839",0,NA,2
"A023836",8,9.75,9.6
"A023835",3.49,3.51,3.51
"A023817",0,0,0.6
"A023802",0,0,0.02
"A023794",8.33,7.12,4.75
"A023793",18.81,21.62,38.97
"A023792",2.67,2,1.33
"A023748",52.36,54.3,51.2
"A023737",0,0,0
"A023707",6.66,7,7.67
"A023700",0,0,0
"A023682",0,0,0
"A023679",6.96,6.99,6.99
"A023678",0,0,0
"A023681",0,0,0
"A023671",221.17,216.26,186.49
"A023670",0,0,0
"A024522B",0,0.9,3.16
"A023664",16.67,17.47,16.28
"A023663",2.64,3.65,3.44
"A023654B",39.61,39.7,38.47
"A023654A",0.25,0.54,0.36
"A023629",42.91,44.49,44.68
"A023615",16.32,15.68,14.94
"A023605",0,0.54,0.72
"A023563",3.69,2.78,1.85
"A023558",11,11,8.83
"A023539",3.08,2.9,2.96
"A023536",9,6.75,5.4
"A023534B",60.34,81.5,70.33
"A023534A",6.68,5.99,4
"A023489",6.22,6.27,6.52
"A023488",4.44,4.82,4.98
"A023481",0,0,0
"A023451",0,3.08,5
"A023446B",4.02,5.13,5.29
"A023408",2.93,2.2,2.2
"A023399",6,6,5.83
"A023387",0,1.25,0.83
"A023339",8.3,6.36,4.29
"A023338",34.87,29.65,23.77
"A023337",27.19,23.56,22.53
"A023326",10.01,10,6.67
"A023297",1.84,1.76,1.23
"A023290",0,0,0
"A023282",14.49,14.5,14.5
"A023255",3.33,5.5,5.5
"A023250",0,0,0
"A023212B",0.29,0.22,0.15
"A023212A",7.16,5.68,7.43
"A023213",285,244,244
"A023163",24.6,18.44,12.3
"A023098",0,0,0
"A023092",0,0,0
"A023086",0.39,0.56,0.58
"A023040",57.09,58.28,50.23
"A023039",65.52,58.22,40.89
"A023035",0,8.57,5.71
"A022993",0,0,0
"A022881",0,0,0
"A022815",25.03,23.4,15.6
"A022802",196.85,168.15,121.73
"A022702",0,0,0
"A022692",2,2.01,1.88
"A022652",3.68,3.55,9.2
"A022623",0,0,0
"A022614",1.08,1.1,0.88
"A022615",2.54,2.22,1.78
"A022445",0,0,0
"A022432",0.53,0.45,1.4
"A022433",0,0,0
"A022426",0,0.55,0.28
"A022378",31.23,32.26,32.74
"A022306",8.94,7.9,5.6
"A022277",0.17,0.12,1.47
"A022208",17.67,15.13,15.59
"A022188",0,0,9.67
"A022145",0,0,0
"A022079",0,0,0.6
"A022070",6.12,6.1,6.9
"A022005B",0,0.03,0.92
"A021966",2.3,2.45,2.55
"A021950",27.33,27.5,27.5
"A021941",0,0.2,0.1
"A021939",0,0.15,0.08
"A021925",0,0,0
"A021932",12,12,10.67
"A021931",18.24,25.92,18.12
"A021930",6.13,4.6,3.07
"A021929",0,0,0
"A021928",2.9,2.17,8.39
"A021927",11.76,19.12,12.75
"A021889",12,12,8.33
"A021870",0,0,0
"A021838",14.97,11.22,8.46
"A021809",21.86,22.17,22.34
"A021783B",3.13,4.85,5.03
"A021783A",0,0,0
"A021756",21.09,25.1,16.73
"A021711",8.33,12.88,14.03
"A021710",43.01,43,36.83
"A021674",1.89,1.68,1.52
"A021666",18.06,17.15,12.85
"A021596",0,0,0
"A021570",0.24,0.17,0.13
"A021569",0.21,0.14,0.13
"A021516",7.68,8.71,8.68
"A021506",0,0,0
"A021466",6.55,4.93,3.29
"A021429C",9.87,32.42,53.93
"A021429B",0,0,0
"A021429A",95.66,95.5,114
"A021419",54.03,43.52,43.22
"A021345",0,0.37,0.22
"A021245",25.44,27.6,18.4
"A021235",10.33,7.75,9.2
"A021187",2.67,4,3.2
"A021127",0,0,0
"A021126",96.69,72.52,48.35
"A021121",0,NA,NA
"A021106",9.73,7.35,7.64
"A020963",36.67,38.4,40.28
"A020953",2.68,2,1.33
"A020907",0,0,0
"A020901",0,NA,0
"A020872",10.3,10.68,10.73
"A020870",12,11.5,9.67
"A020846",6.67,6.25,4.5
"A020813",2.84,2.88,2.9
"A020791",0.3,0.5,0.44
"A020720",7,7,4.67
"A020662",35.84,26.87,17.92
"A020657",29.69,25.41,23.34
"A020624",0,0,0
"A020582",0.77,0.6,0.41
"A020540",56.94,78.28,76.17
"A020436",13.33,11.12,11.02
"A020333",0,0,0
"A020100",47.9,41.65,45.15
"A019921",3,2.5,2.5
"A019427",14.97,14.98,14.54
"A019339",2.51,1.88,1.5
"A019336",0,0,0
"A019140",0,0,0
"A019135",0,0.01,0.01
"A019071",54,53.5,35.67
"A018948",2.33,3.66,8.07
"A018835",5.04,5.5,5.23
"A018648",4.89,4.91,4.94
"A018649",0,0,0.01
"A012850",0,0,0
"A018328",0,0,0
"A018274B",4.9,4.9,4.9
"A018274A",0,0,0
"A018241",2.86,2.62,1.75
"A018200",0.08,0.06,0.04
"A018138",57.53,45.75,43.28
"A018093B",0.22,0.17,0.11
"A018093A",1.33,1.65,2.59
"A017978",50.82,54.76,41.07
"A017911B",22.67,24.1,23.62
"A017911A",15.77,22.55,28.82
"A017885",20.07,15.05,10.03
"A017881",27.97,33.77,30.58
"A017871",0,0,0
"A017868",1.67,1.25,2.68
"A017745",0,0,0
"A017642",7,7,7
"A017632",60.11,61.22,53.76
"A017624",35.18,26.38,43.98
"A017622",5.78,8.62,28.89
"A017587",360.46,308.48,338.94
"A017508",150,127.5,127.5
"A017366",4.5,4.65,3.87
"A017271",0,0,0
"A017240",1.32,1,0.8
"A017232",342.33,296.24,227.33
"A017145",0,0,0
"A017121",1259.47,1279.14,1096.13
"A017100",2.81,2.59,2.26
"A017091C",9.84,10.62,10.33
"A017091B",33.91,28.38,25.31
"A017091A",8,8,7.67
"A016973",19.35,20.59,24.23
"A016961",74.07,56.9,41.48
"A016825",0.07,0.05,0.03
"A016821",5.43,4.08,2.72
"A016758",14.45,19.05,12.7
"A016673",25.6,24.98,16.65
"A016671",10.27,9.87,9.87
"A016670",0.5,0.38,0.25
"A016655",1.22,1.19,1.19
"A016561",34.48,32.47,29.69
"A016557",312,312,219.76
"A016525",0.47,0.35,0.23
"A016472",0,1.5,2.12
"A016467",9.46,7.42,9.42
"A016443",0,0,0
"A016416",0,0,0
"A016405",0,0,0
"A016398",63.6,63.63,56.78
"A016381",110.4,110.4,85.87
"A016357",7.54,9.21,6.14
"A016347",0,0,0
"A016334",3.4,2.55,1.7
"A016319",0,0,0
"A016308",8.6,30.69,22.13
"A016249",180.13,190.16,140.94
"A016155",29.74,22.31,15.21
"A016141",0.25,0.5,0.9
"A016086",94.36,122.92,91.95
"A016077",0,0,0
"A015984",5.83,5.83,4.66
"A015983",5.09,4.92,3.28
"A015854",73.49,70.12,71.45
"A015796",0,0,0
"A015779",66,127,106.67
"A015782",21.66,18.5,12.44
"A015781",18.59,19.89,14.53
"A015780",254.83,242.53,192.07
"A015743",0.72,0.8,0.84
"A015728B",19.28,19.3,14.53
"A015728A",0,0,0
"A015729",4.73,5.32,3.55
"A015726",0,0,0
"A015727",0,0,0.01
"A015721",283.3,335.9,328.25
"A015704",1317.24,342.47,268.38
"A015678",0,NA,0
"A015677",0.26,3.03,5.86
"A015664C",6.27,6.04,4.83
"A015664B",14.35,13.9,11.84
"A015664A",0,0,0
"A015663",0,0,0
"A015610",0,NA,NA
"A015521",65.34,57.77,54.32
"A015399",0,0,0
"A015397",6.4,8.78,7.28
"A015370",10.84,11.9,11.12
"A015329B",0.07,0.2,0.15
"A015329A",0,0,0
"A015314",10.91,10.19,9.15
"A015277",8.64,10.24,6.83
"A015233",0,0,0
"A015187",0.47,0.45,0.43
"A015168",11.98,8.98,7.47
"A015157",8.94,6.7,5.87
"A015158B",0,0,0
"A015158A",0,14.72,4.91
"A015075",0,0,0
"A014997B",9.66,9.74,9.74
"A014997A",26.57,26.6,23.32
"A014916B",11.4,11.13,7.42
"A014916A",13.84,13.53,10.07
"A014904",0,0,0
"A014880",12.85,12.51,11.52
"A014875",31.41,33.7,22.47
"A014872",3.73,3.55,3.67
"A014856",0,0.6,0.73
"A014855",48.51,58.04,47.35
"A014842",0,0,0
"A014841",4.2,4.4,3.6
"A014826",125,93.75,62.5
"A014777",2.67,4.3,2.87
"A014749",8.51,6.38,7.1
"A014750",1.79,1.73,1.62
"A014735",68.66,53.62,50.38
"A014720",20.2,21.55,16.05
"A014715",5.93,4.45,3.83
"A014624",0,0,0
"A014539",5.13,12.73,12.94
"A014492",0,0,0.33
"A014466",1.78,2.16,3.89
"A014467",0,0,0
"A014459",18.68,19.75,22.25
"A014393",16.52,12.4,9.62
"A014339",0,0,0
"A014304",0,0,0
"A014259A",60,60,60
"A014246",6.71,5.23,3.92
"A014245",0,0,0
"A014215",11.03,11.34,9.07
"A014206",2.9,2.93,2.57
"A014172",0,0,0
"A014160",0,0,0
"A014144",0,0,0
"A014065",0,0,0
"A014047",0.1,2.97,3.77
"A014051",25.99,26.03,20.3
"A014049",67.84,72.98,48.65
"A014048",50.02,52.61,35.08
"A014044B",9.07,10.4,6.93
"A014044A",17.61,16.7,11.13
"A014045",0,0,2.86
"A014034",25.27,26.38,17.58
"A014033",42.96,55.88,52.02
"A014030",9.36,9.25,6.17
"A013989",2.66,2,1.79
"A013985",4.7,5.25,3.5
"A013984",18,13.5,9
"A013987",0,0,0
"A013974",0,0,0
"A013973",4.48,3.92,2.74
"A013967",3.35,2.5,1.67
"A013933",0,0,0
"A013932",4.36,7.53,19.44
"A013874",44.1,36.28,29.72
"A013864",4,4,4
"A013863",0,0,0
"A013862",3.67,4.14,4.24
"A013832",6.02,4.52,3.01
"A013831",6.67,7.89,8.99
"A013811",12.78,13.31,8.87
"A013810",6.95,9.45,8.73
"A013789",0,0,0
"A013758",21.2,19,14.32
"A013755",32.61,33.24,29.61
"A013753",0.03,0.02,0.02
"A013749",4.63,3.47,2.87
"A013729",20.8,18.81,12.54
"A013716",47.3,42.62,37.83
"A013706",9.63,9.65,7.74
"A013695",66.83,54.15,58.27
"A013661",107.78,125.22,96.63
"A013633",0,0,0
"A013579",4.11,3.09,2.47
"A013578",0,0.01,0.01
"A013557",0,8176.25,5807.17
"A013533",0,0,0
"A013528",16.29,14.68,9.95
"A013529",25.25,36.2,38.11
"A013474",20.33,26.97,19.89
"A013468",2.89,2.17,1.74
"A013391",0,0,0
"A013331",6.13,NA,NA
"A013289",5,3.95,2.63
"A013288",41.6,31.2,20.8
"A013287",17.76,13.32,8.88
"A013281B",0,0,0
"A013277",6.23,12.62,14.73
"A013270",43.08,32.3,21.97
"A013217",435.18,423.68,343.97
"A013182B",22.14,23.7,17.83
"A013182A02",5.27,5.64,4.9
"A013182A01",12.99,13,9.67
"A013161",0.13,0.12,0.08
"A013126B",5.9,9.65,6.43
"A013126A",5.72,5.59,4.87
"A013030B",71.98,70.61,52.88
"A013030A",0,12.16,21.88
"A012958",102.19,91.94,61.29
"A012951",28,28,28
"A012919B",4658.11,3590.94,2858.29
"A012525",0,0,0
"A012232",103.93,77.95,77.4
"A011846",25.83,19.38,12.92
"A011383",63.63,66.78,48.94
"A009832B",0,0,0
"A009832A",0.05,0.03,0.02
"A008974",0,0,0
"A006855",9.81,10.48,7.82
"A006854",0,0,0
"A006805A",0,0,0
"A006642",0,0,0
"A006464",0,0,0
"A004832",33.13,33,22
"A004307",0,0,0
"A004308",8.76,10.8,7.2
"A003601",11.45,15.37,18.51
"A003565",7.26,9.8,8.86
"A003421",0,0,0
"A002928",0,0,0
"A002723",0,0,0
"A001983",0,NA,NA
"S015510",0,0,0
"S015508",0,0,0
"S019769",996.87,1008.02,849.2
"S019766",183.5,161,166.53
"S017157",0,85,73.33
"S016900",1.97,3.21,2.71
"S014857",0.78,2.58,2.3
"S019395",0,0,0
"S019392",0,0,0
"S019389",2,1.5,1
"S015509",0,0,0
"S009905",0,0,0
"S014129",0,0,0
"S008380",2.74,2.73,2.73
"S021382",0,0,0
"S017160",15,15,15
"S018523",0.49,0.37,0.3
"S018457",0,0,0
"S018456",2,1.55,1.26
"S015020",21.16,21,14
"S015198",0.67,0.67,0.67
"S015197",1.05,0.89,0.61
"S022867",0,0,0
"S022865",89.6,106.17,84.51
"S022864",0,0,0
"S022862",0,0,0
"S022861",0,0,0
"S022860",12.77,12.35,30.5
"S013392",0.44,0.43,0.39
"S008714",0,0,0
"S023687",0,0,0
"S020096",4.47,4.46,3
"S017020",2.21,2.01,1.68
"S015925",11.44,11.44,11.44
"S015909",0,NA,NA
"S022856",9.38,8.6,6.71
"S022853",11.37,12.03,10.63
"S013755",0,0,0
"S027894",0,NA,NA
"S014237",1207.71,1226.4,1145.74
"S008430",0,0,6.03
"S015418",19.33,4.36,3.78
"S015196",1.49,1.48,1.16
"S017301",0.49,0.52,0.39
"S017281",11.04,10.85,8.56
"S023888",16.86,12.65,14.65
"S015365",0,0,0
"S008628",29.6,30.04,25.27
"S025401",4.11,4.16,3.59
"S021358",0.06,0.05,0.03
"S015358",201.47,156.95,134.98
"S002059",0,0,0
"S002341",0,0,4.5
"S002379",0,0,0
"S004241",0,0,0
"S004997",0,0,0
"S006298",0,0,0
"S006491",1.71,2.56,1.88
"S008071",103.47,103.47,103.47
"S008074",0,0,0
"S008075",0,NA,NA
"S008080",0,0,0
"S008081",0,0,0
"S008082",0,0,0
"S008118",0,NA,NA
"S008121",0,0,0
"S008122",0,0,0
"S008128",56.79,59.85,49.39
"S008163",7.51,NA,NA
"S008184",2.8,2.12,1.42
"S008348",0,0,0
"S008384",0,0,0
"S008392",1.12,0.84,0.56
"S008451",0,0,0
"S008453",3.2,6.27,7.8
"S008596",5.45,6.06,6.57
"S008659",0,0,0
"S008703",0,0,0
"S008765",18.27,17.98,19.13
"S008766",11.79,11.39,10.51
"S008824",0,NA,NA
"S008910",0.04,0.1,0.07
"S009525",1.98,2.13,1.87
"S010433",0,0,0
"S010522",0,NA,NA
"S010843",0.84,2.12,1.42
"S010889",0.83,0.62,0.5
"S010997",0,0,0
"S010999",1.5,4.6,8.78
"S011135",4.34,3.98,3.5
"S011330",11.44,9.97,6.65
"S011331",13.15,12.57,8.38
"S012241",1.58,1.26,1.01
"S012429",0,0,0
"S012430",0.75,0.5,0.3
"S012431",2,1.33,0.8
"S012432",2.5,1.67,1
"S012433",0.75,0.5,0.3
"S012484",0,0,0
"S012533",0,0,0
"S012593",0,0,0
"S012594",0,0,0
"S012595",0,0,0
"S012597",0,0,0
"S012749",3.11,3.08,2.49
"S012751",0,NA,NA
"S013153",0,0,0
"S013187",0,0,0
"S013246",10.36,10.21,10.46
"S013696",42.2,31.65,21.1
"S013724",0,0,0
"S013792",0.41,0.62,0.68
"S013793",0.18,0.27,0.29
"S013947",24,NA,NA
"S013977",2.53,2.7,1.8
"S014005",112.01,171.61,135.76
"S014016",9.5,8.62,13.57
"S014057",12.2,16.6,11.06
"S014060",0,0.75,0.5
"S014061",9.17,7.35,4.9
"S014062",0,0,0
"S014063",0,0.38,0.25
"S014064",0,0,0
"S014065",0,0,0
"S014066",0.25,0.25,0.16
"S014071",8.27,10.97,7.32
"S014072",1.54,1.27,0.85
"S014073",11.87,14.4,9.6
"S014074",4.71,5.8,3.87
"S014077",3.3,4.32,2.88
"S014078",2.7,2.28,1.82
"S014079",19.07,21.9,19.12
"S014086",94.4,108.8,72.53
"S014087",0,0,0
"S014088",14.7,15.5,10.33
"S014089",23.73,23.68,15.78
"S014092",33,33.35,22.23
"S014094",26,30,20
"S014200",12.73,11.87,9.91
"S014205",0.01,0.29,0.22
"S014230",23.41,24.56,22.86
"S014231",28,0,3.22
"S014292",1.08,2.19,1.77
"S014293",0.71,0.71,0.59
"S014313",0,0,0
"S014322",0,0,0
"S014373",17.33,17,15.33
"S014374",2.01,11.45,17.36
"S014392",63.16,66.09,52.63
"S014393",28.47,21.36,14.24
"S014554",0.02,0.02,0.02
"S014724",0,0,0
"S014749",0,0,0
"S014851",67.23,71.25,59.12
"S014861",7.2,7.39,7.39
"S014862",2.78,2.88,2.88
"S014863",2.3,2.82,2.82
"S014864",6.89,6.89,6.89
"S014865",6.89,6.89,6.89
"S014866",2.12,2.12,2.12
"S014922",42.9,25.1,12.55
"S014923",0,0,0
"S014946",60.34,64,46.34
"S014973",0.27,0.25,0.17
"S014974",0.27,0.25,0.17
"S014975",0.27,0.25,0.17
"S014976",0.27,0.25,0.17
"S014977",0.27,0.25,0.17
"S014978",0.08,0.07,0.05
"S014979",0.08,0.07,0.05
"S014980",0.08,0.07,0.05
"S014996",12.15,15.06,15.74
"S015023",11.98,17.16,19.18
"S015035",76.07,84.3,56.2
"S015036",1.2,1.2,0.8
"S015037",5.93,5.25,3.5
"S015038",3.03,2.67,1.78
"S015041",27.19,33.56,43.36
"S015042",0.07,0.05,8.64
"S015043",5.34,6.03,6.13
"S015044",37.57,35.92,26.32
"S015047",4.27,5.7,8.6
"S015093",0.48,5.1,4.38
"S015094",0,0,3.41
"S015107",11,7.33,4.4
"S015147",0.27,0.33,0.33
"S015184",47.8,51.3,54.16
"S015199",0,0,0
"S015200",0.05,0.03,0.02
"S015201",0.11,0.08,1.6
"S015202",0.01,0,0
"S015203",0,NA,NA
"S015206",1.81,NA,NA
"S015208",2.28,NA,NA
"S015228",366.43,NA,NA
"S015238",12.67,9.5,7.6
"S015246",4.17,8.37,5.58
"S015303",0.07,0.05,0.03
"S015313",0,0.22,11.81
"S015314",4.1,3.08,8.19
"S015315",0,0,20.3
"S015316",0,0,0
"S015317",0,0,0
"S015318",21.33,9.88,9.5
"S015335",0.31,0.36,0.3
"S015336",17.46,24.01,16
"S015337",17.5,17.49,10.5
"S015338",1.44,1.44,1.38
"S015349",2.6,2.6,4.18
"S015353",0.93,1.45,1.09
"S015362",1.3,0.99,2.29
"S015403",4.95,4.24,3.49
"S015404",27.83,20.88,20.45
"S015414",0,0,0
"S015472",33.35,33.21,22.14
"S015477",0,0,0
"S015478",0,0,0
"S015479",0,0,0
"S015480",0,0,0
"S015522",0,0,0
"S015532",0,0,0
"S015549",0,0,0
"S015621",5.26,8.94,14.53
"S015641",6.18,6.18,6.18
"S015677",10.4,7.8,5.2
"S015689",0,0,0
"S015690",0.43,0.42,0.36
"S015691",0.97,0.73,0.48
"S015721",0.53,2.09,1.4
"S015722",2.54,3.25,2.17
"S015723",0,0,0
"S015745",0.17,0.12,0.23
"S015746",1.25,1,0.91
"S015751",1.3,1.73,1.15
"S015752",13.44,14.6,9.73
"S015753",0.23,0.17,0.11
"S015758",8.16,8.16,6.7
"S015759",0,0,0
"S015790",3.61,4.79,4.48
"S015800",0,NA,NA
"S015805",29.17,55.88,47.44
"S015806",24.17,50.75,40.76
"S015813",2.95,5,5
"S015816",3.68,3.87,4.05
"S015830",0,0,0
"S015831",0.74,0.55,0.37
"S015833",1.2,NA,NA
"S015840",2.77,2.76,2.64
"S015850",16.63,16.9,17.75
"S015863",4.5,5,5
"S015871",0,NA,0
"S015874",0.57,0.45,0.55
"S015884",0.93,0.23,0.71
"S015903",3.5,3.06,3.02
"S015910",1.5,0.75,0.5
"S015924",14.4,13.16,13.87
"S015935",0.77,0.98,0.72
"S015942",13.95,15.75,11.28
"S015945",17.53,18.92,12.62
"S015950",0,0,0
"S015951",10.03,9.65,7.28
"S015952",0.16,0.12,0.12
"S015953",0,0,0
"S015962",17.77,19.57,13.05
"S015963",1.1,2.9,1.94
"S015964",0,3.26,2.17
"S015965",25.15,14.93,9.95
"S015989",0,0,0
"S015990",20.2,18.7,16.14
"S016021",0,0,0
"S016022",1.3,1.33,0.89
"S016023",13.56,15.35,10.23
"S016024",1.14,0.88,0.59
"S016044",0,NA,NA
"S016045",4.48,4.75,5.61
"S016063",11.43,12.67,8.45
"S016064",0.76,0.62,0.42
"S016093",1.74,7.06,6.7
"S016118",5.9,6.37,5.1
"S016164",3.97,6.05,5.81
"S016165",1,1,0.93
"S016166",14.07,15.85,10.56
"S016167",1,0.75,0.5
"S016304",34.85,30.62,24.09
"S016329",1.64,9.7,11.08
"S016352",10.44,18.19,15.23
"S016363",0,0,1.19
"S016364",0,0,0
"S016366",0,1.32,4.96
"S016367",1.89,1.41,0.94
"S016368",0,0,0
"S016369",0.13,0.1,2.15
"S016370",0,0,0
"S016399",10.67,8.5,8.5
"S016632",3.48,5.04,5.65
"S016633",9.63,8.78,9.03
"S016670",15.1,24.3,31.46
"S016671",10.34,7.75,5.17
"S016690",0.06,0.07,0.08
"S016698",0,0,0
"S016707",11.55,13.54,16.55
"S016708",3.2,3.2,3.2
"S016773",102.33,85.75,93.3
"S016774",5.87,5.1,4.73
"S016775",0.9,0.68,0.93
"S016776",22.67,20.38,20.3
"S016777",9.8,9.95,13.47
"S016781",7.4,8.6,7.95
"S016782",4.47,3.35,3.9
"S016783",5.73,6.32,6.56
"S016790",2.17,3.2,3.77
"S016812",4.37,7.95,12.77
"S016819",12.13,9.2,9.28
"S016836",46.27,39.88,34.42
"S016837",21.4,21.5,18.07
"S016838",7.13,7.1,6.37
"S016839",56.13,55.32,38.78
"S016840",0,0,0
"S016841",26.17,35.7,41.48
"S016842",0,5.1,6.88
"S016885",2.54,3.17,3.42
"S016886",2.6,3.02,3.48
"S016887",6.7,8.05,9.62
"S016896",0.9,NA,NA
"S016897",0.54,0.4,0.27
"S016901",0,0,0
"S016911",3.16,3.22,3.12
"S017039",6.69,6.82,5.29
"S017040",3.18,2.46,1.64
"S017041",0,0,0
"S017049",30.03,22.95,26.15
"S017050",0,0,0
"S017052",0,0,0
"S017203",0,0,0
"S017309",3.94,2.95,2.95
"S017312",32.6,26.95,29.17
"S017348",22.4,24,19.67
"S017474",8.74,27.23,23.25
"S017657",0.02,0.01,0
"S017742",0,18.93,15.52
"S017745",0,17.07,17.6
"S017748",0.88,0.66,0.44
"S017751",5.94,9.21,8.04
"S017791",0,0,0
"S017975",0,0,0
"S017987",0,0,0
"S017990",3.13,2.35,1.57
"S017992",4.5,3.38,2.25
"S017993",1.26,1.44,1.22
"S017995",38.62,28.96,19.31
"S018130",0.14,0.1,3.32
"S018133",0.74,1.15,2.36
"S018136",0.01,0,0
"S018139",0,0,1.17
"S018151",0,1.75,2.17
"S018154",6.77,6.38,4.25
"S018187",0.93,1.02,1.06
"S018193",6.43,5.15,5.83
"S018208",31.7,29.05,33.53
"S018211",13.6,12.45,10.28
"S018214",4.55,3.85,2.57
"S018217",8.29,6.9,4.63
"S018220",0.11,0.08,0.05
"S018223",0.98,0.95,0.63
"S018277",6,6,6.46
"S018387",0,12.54,8.51
"S018467",0.8,0.93,1.86
"S018470",2.56,2.66,2.08
"S018473",0,0,0
"S018474",7.47,5.82,9.82
"S018477",3.87,3.05,4.92
"S018479",39.43,30.07,26.31
"S018480",23.43,17.58,18.62
"S018483",15,6.47,4.31
"S018486",6.37,7.67,5.11
"S018490",1.1,1.3,3.52
"S018503",0,0,0
"S018710",13.3,13.93,9.28
"S018763",9.33,7.45,6.25
"S018787",1.25,1.14,0.95
"S019039",12.51,10.76,9.52
"S019196",1.44,1.1,1.17
"S019202",26.44,20.64,20.64
"S019214",4.56,3.48,3.48
"S019220",1.07,NA,NA
"S019235",12.14,NA,NA
"S019287",0.03,0.02,0.02
"S019291",44.93,40.81,33.79
"S019386",13.67,14,9.33
"S019394",16,16,11.92
"S019594",2.24,2.42,1.84
"S019643",0.62,1.71,1.31
"S019738",6.03,6.42,5.14
"S019893",0,NA,NA
"S019908",0.11,0,0
"S019911",1,0.9,0.8
"S019914",2.3,2.1,1.55
"S019917",9.27,7.4,6.9
"S019924",0.67,0,0
"S019932",0,0,3.9
"S019943",0,NA,NA
"S020069",0.95,0.9,1.11
"S020083",0,0,0
"S020086",0,0,0
"S020090",0,0,0
"S020091",0,0,0
"S020094",0,0,0
"S020098",19.75,14.81,9.88
"S020102",0,0,0
"S020148",4.08,4.07,4.08
"S020152",7.47,7.27,7.53
"S020175",6.87,6.56,6.33
"S020240",3,2.28,1.54
"S020289",26.41,20.8,21.14
"S020290",0,0.52,0.35
"S020291",0.19,0.17,0.12
"S020293",32.09,24.42,21.3
"S020294",10.14,7.7,6.45
"S020356",6.6,4.95,3.3
"S020433",4.33,3.75,3.67
"S020523",1.12,0.31,0.46
"S020527",0.16,0.12,0.12
"S020627",38.63,30.82,23.23
"S020709",169.75,189.14,200.73
"S020788",2.85,4.62,4.62
"S021071",3.13,3.13,3.13
"S021080",0,0,0
"S021081",0,15,15
"S021082",0,10,10
"S021309",1.2,9.38,16.58
"S021321",3.06,2.99,2.92
"S021339",0,0,0
"S021352",0.42,0.31,0.21
"S021381",42,31.5,21
"S021384",11.34,8.5,8.5
"S021385",0,0,0
"S021386",0,0,0
"S021387",0.3,0.31,0.22
"S021388",1,1.12,0.87
"S021394",0,0,0
"S021395",0,0,0
"S021396",0,0,0
"S021397",0,0,0
"S021398",0,0,0
"S021399",0.04,0.22,0.29
"S021466",0.01,0.01,0.01
"S021470",3.63,4.45,3.8
"S021471",6.33,5.78,5.32
"S021472",2.43,2.6,2.1
"S021473",8.2,6.47,4.32
"S021475",233.75,NA,NA
"S021480",17.64,24.2,25.9
"S021482",0,0,0
"S021483",0,0,0
"S021484",0,0,0
"S021487",10,10.25,8.65
"S021985",0.02,0.02,0.02
"S021986",5.54,4.16,2.77
"S021993",0,0,0
"S021994",0,0,0
"S021995",0,0,0
"S021996",0,0,0
"S021997",0,0,0
"S021998",17.12,12.84,8.56
"S021999",0,0,0
"S022000",0,0,0
"S022001",14.98,11.23,7.49
"S022002",0,0,0
"S022003",0,0,0
"S022004",0,0,0
"S022006",6.33,5.75,3.83
"S022008",2.7,6.88,9.51
"S022009",1.07,0.82,0.55
"S022012",2.07,1.56,1.04
"S022013",10.43,NA,NA
"S022014",0,NA,NA
"S022130",0,0,0
"S022156",2.14,5.83,8.19
"S022312",0,0,0
"S022313",13.48,14.42,14.74
"S022314",0,0,0
"S022316",0.02,0.01,0.01
"S022326",36.63,36.88,24.59
"S022335",1.75,1.79,1.76
"S022339",0,0,5
"S022386",2.1,4.15,3.43
"S022407",0,NA,NA
"S022408",0,NA,NA
"S022409",1.6,1.35,1.17
"S022410",2,2.03,2.27
"S022411",0,0,0
"S022464",9.42,NA,NA
"S022465",0,0,0
"S022490",0.01,0.02,0.02
"S022512",16.51,16.18,13.95
"S022523",0.36,0.34,0.27
"S022724",0,0,0
"S022725",0,0,0
"S022726",0,0,0
"S022799",0,NA,NA
"S022800",0,NA,NA
"S022801",0,NA,NA
"S022803",1.5,1.5,1.5
"S022804",0,NA,NA
"S022868",7.77,16.25,20.25
"S022869",0,0,0
"S022870",0,0,0.25
"S022877",8.67,8.75,9.17
"S022879",11.67,9.5,7
"S022882",12.67,10.25,7.67
"S022886",0,0.01,0.01
"S022889",9.9,12.45,9.55
"S022890",0,0,0
"S022895",6.33,6,5
"S022914",0,0,0
"S023451",10,NA,0
"S023462",0,0,0
"S023470",14.46,15.89,13.93
"S023681",0,0,0
"S023685",0,0,0
"S023695",15.63,15.97,10.65
"S023696",12.03,14.45,9.63
"S023697",13.33,12.8,8.53
"S023711",4.26,6.21,5.96
"S023712",3.01,3.38,3.75
"S023728",11.66,9.3,8.26
"S023729",11.93,10.39,11.9
"S023862",7.96,3.98,4.06
"S023869",8,8,8
"S023870",5,5.75,5.75
"S023896",2.83,3.17,3.05
"S023897",1.57,1.7,1.57
"S023932",4.07,3.98,3.89
"S023954",42.03,40.8,34.19
"S023955",83.54,82.21,66.02
"S023956",4.27,4.9,4
"S023959",2.81,2.81,2.81
"S023960",1.5,1.25,1
"S023995",0,0,0
"S023996",0,0,0
"S023997",0,0,0
"S024090",2,NA,NA
"S024097",12.8,10.15,9.87
"S024104",31.23,30.6,32.72
"S024188",1.47,2.23,2.31
"S024370",0,0,0
"S024372",2.35,1.76,1.76
"S024404",3.79,3.71,3.21
"S024405",4.01,3.93,3.42
"S024410",0.69,0.8,4.13
"S024444",0,0,0
"S024445",0,11.25,11.63
"S024452",52.54,55.37,39.25
"S024464",0,0,2.62
"S024466",0,0,0
"S024467",0,0,0
"S024481",2.06,2.36,2.25
"S024509",6.67,6.92,9.77
"S024526",16.97,19.7,19.02
"S024552",0.16,0.23,0.24
"S024597",0.8,0.81,0.85
"S024621",0.29,0.24,0.18
"S024681",11.4,13.02,10.41
"S024682",2.4,4.2,3.36
"S024728",6.07,11.18,14.07
"S025029",9.95,11.81,7.87
"S025481",0.07,0.05,0.04
"S025482",1.35,1.07,0.71
"S025489",31.68,32.21,21.47
"S025576",5.97,8.39,8.04
"S025611",101.63,118.65,90.58
"S026053",0,0,0
"S026054",0,0,0
"S026091",0.11,0.12,0.09
"S026123",1.52,1.39,1.74
"S026217",23.86,23.86,22.54
"S026284",0.05,0.05,0.05
"S026314",0,0,0
"S026323",0,0,0
"S026464",0,NA,NA
"S026633",0.74,1.66,1.66
"S026643",1.1,1.1,1.1
"S026644",0,NA,NA
"S026645",0.32,0.32,0.31
"S026652",0.77,0.91,0.92
"S026656",0,0,0
"S026678",0.08,0.08,0.08
"S026687",0.29,0.3,0.2
"S026690",0.18,0.18,0.18
"S026692",0.08,0.08,0.08
"S026745",0,0,0
"S026754",0,0,0
"S026792",0.03,0.04,0.03
"S026794",0,0,0.03
"S026797",0.53,0.71,0.51
"S026879",0,NA,4.71
"S026889",0,NA,NA
"S026905",0,0,0
"S026934",2.88,0,0
"S026992",0.5,0.4,0.47
"S027032",0.57,0.57,0.34
"S027035",0.35,0.36,0.25
"S027081",0,0,0
"S027088",3.43,3.7,3.4
"S027089",0.4,0.39,0.34
"S027090",0.29,0.26,0.21
"S027091",0.42,0.34,0.23
"S027137",0.02,0.02,0.02
"S027159",0.34,0.34,0.34
"S027190",0,0.34,0.34
"S027304",1.53,1.53,1.53
"S027305",0.18,0.18,0.18
"S027371",0,NA,NA
"S027372",0.18,0.18,0.18
"S027379",1.12,1.12,1.12
"S027382",0.11,0.13,0.19
"S027405",0,NA,NA
"S027413",0.52,0.42,0.37
"S027491",0.3,0.34,0.34
"S027502",0,NA,NA
"S027519",0,0,0
"S027572",0.16,0.16,0.16
"S027597",0.09,0.1,0.1
"S027620",5.8,4.42,3.38
"S027644",3.33,2.94,2.54
"S027650",0.12,0.12,0.12
"S027664",0.02,0.02,0.02
"S027851",2.47,2.96,1.78
"S027865",0,0,0
"S028034",21.52,22.91,16.03
"S028118",2.48,1.2,1.2
"S028257",0,NA,NA
"S028258",0,NA,NA
"S028280",1.47,NA,NA
"S028307",0,NA,NA
"S028309",0,0.38,0.3
"S028323",0,0,0
"S028364",0,NA,NA
"S004345",8.87,6.65,4.43
"S009293",0,0,0
"S009294",0,0,0
"S009295",0,0,0
"S025243",1.18,1.37,1.17
"S015686",2.12,4.15,2.88
"S009045",0,NA,NA
"S004711",0,0,0
"S027648",0.48,0.55,0.48
"S024229",14.4,NA,0
"S028299",0,9.85,9.85
"S028355",5.66,3.13,2.62
"S009299",0,NA,NA
"S008709",0,NA,NA
"S025594",0.03,0.02,0.02
"S025690",17.5,17.62,17
"S010034",5.6,4.58,3.05
"S015825",0.28,0.22,0.14
"S009055",484.64,556.43,545.9
"S024683",46.07,45.85,45.85
"S009054",186.55,195.2,181.77
"S025957",0.31,0.35,0.28
"S009073",14.27,28.44,25.82
"S027799",0.69,NA,NA
"S009040",1.7,1.45,1.32
"S027251",4.48,4.58,4.58
"S027791",0,0,7.8
"S000114",1.7,0,0.22
"S000115",0.92,0.2,0.32
"S025784",0.02,0.02,0.02
"S000113",1.7,1.7,1.49
"S000116",0.8,0.11,0.08
"A001029",13.47,14.14,14.22
"A001205",0,0,0.06
"A003633",0,0,0
"A004612",0.01,0.01,0
"A006926",0.2,0.41,0.35
"A007006",0,0,0
"A009746",0.17,0.17,0.17
"A009774",0.05,0.06,0.06
"A009992",0,0,0
"A010795",133.87,125.95,111.65
"A010915",0,0,0
"A010976",0,0,0
"A011315",1.13,0.97,0.99
"A011327",0,0,0
"A011859",0,NA,NA
"A012100",9.55,11,11
"A012330",0,2.51,2.21
"A012452",0.24,0.26,0.68
"A012483",1.19,1.95,1.71
"A012510",0,0,0
"A012773",0,0,0
"A012877",0,0,0
"A013062",0,0,0
"A013076",4.6,4.85,8.26
"A013097",0,0,0
"A013098",16.02,13.8,14.44
"A013105",0,0,0
"A013135",1.32,1.22,0.98
"A013151",0,0,0
"A013163",0,0,0
"A013221",1.52,3.17,3.11
"A013256",0,0,0
"A013261",1.74,1.51,2.38
"A013267",37.3,35.95,28.33
"A013268",0,0,0
"A013269",0,0,0
"A013301",20.16,20.96,21.2
"A013317",78,78,78
"A013330",0,0,0
"A013359",40.93,48.46,38.05
"A013376",0,0,0
"A013384",5.39,4.04,2.69
"A013393",51.63,52.65,35.1
"A013453",48.93,52.7,40.48
"A013527",0.01,0.02,0.02
"A013539",0.09,0.09,0.08
"A013586",0,0,0
"A013639",11.26,10.34,11.88
"A013684B",3.22,3.34,2.91
"A013684A",8.5,6.38,4.4
"A013890",0,0,0
"A013914",0.24,0.21,0.34
"A013958",3.27,3.4,2.69
"A013975",0.45,0.5,0.45
"A013988",0.95,0.71,0.57
"A014043",98,98,92
"A014050B",0.18,0.34,0.33
"A014054",4.21,4.21,4.21
"A014055",36.33,29.5,19.67
"A014056",0,0,0
"A014050A",0,0,0
"A014061",9.18,4.45,3.61
"A014064",22,19,13
"A014066",14.85,15.72,12.13
"A014067",23.91,26.68,20.5
"A014068",218.8,242.68,257.79
"A014092",0,0,0
"A014107",13.43,11.7,9.35
"A014136",5.95,7.56,6.69
"A014178",0,0,0
"A014208",0,0,0
"A014333",50,47.4,40.73
"A014364",40.81,37.1,36.12
"A014379",0,0.75,0.83
"A014513",3.34,3.33,3.33
"A014604",0.1,0.11,0.39
"A014747",7.03,5.55,6.02
"A014762",0,0,0.25
"A014767",6.3,7,5.08
"A014797",15.36,17.59,15.73
"A014870",0.2,0.3,2.45
"A014925",17.37,13.35,10.15
"A014942",0,0,0
"A014966",0,0,0
"A015194",32.64,28.3,22.23
"A015237",8,6,9
"A015299",0,0,0
"A015348",17.2,14.53,10.02
"A015515",0,0,0
"A015603",29.25,26.35,30.25
"A015624",6.52,5.25,5.25
"A015685",0,0,0
"A015720",1.81,2,1.67
"A015724",0.27,0.38,0.25
"A015736",5289.92,5378,3656.5
"A015737",4801.34,4454,2969.33
"A015759",6.42,5.96,5.39
"A015760",6.43,6.55,6.6
"A015894",42.32,82,82
"A015947",35.16,40,32
"A016106",3.27,3.4,2.69
"A016190",6.38,7.25,5.25
"A016218",0,0,0
"A016440",2.67,3.75,4
"A016457",3.06,3.83,3.13
"A016478",14.33,16.55,13.24
"A016524",15.06,14.07,12.48
"A016527",0,0,0
"A016545",0,0,0
"A016777",0.39,0.46,0.3
"A016904",8.03,9,9
"A017056",13.59,13.36,13.42
"A017081",0.5,0.85,0.57
"A017098",0,0,0
"A017237",14.56,14.78,14.32
"A017263",3.84,3,2.4
"A017479",0,0,0
"A017477",0,0,0
"A017551",0,0,0
"A017689",6.81,6.81,6.81
"A017795",0,0,0
"A017833",0,NA,0.9
"A017919",3.25,4.06,3.98
"A017999",0,0,0
"A018127",0,NA,NA
"A018192",11.28,10.28,12.51
"A018235",0,0,0
"A018277",12.06,14.07,15.13
"A018522",0,0,0
"A018736",4.12,3.74,2.49
"A018849",0.58,0.6,4.04
"A018958",0,0.08,0.08
"A018963",0,0,0
"A019013",14.58,17,17
"A019089",24.34,21.75,16.25
"A019241",9.05,9.38,10.17
"A019351",29559.98,31732.5,30072.5
"A019422",8.53,10.47,10.47
"A019444",0,0,0
"A019470",2.6,0.92,0.61
"A019515",4.12,3.74,2.49
"A019554",0,0,0
"A019557",4.77,5.09,3.89
"A019649",5.03,6.31,5.88
"A019652",4.67,3.5,2.33
"A019720",0.73,1.23,1.23
"A019798",0,0,0
"A019806",0,0,0
"A019891",0.91,2.82,1.88
"A020005",0,0,0
"A020015",5.27,4.32,3.38
"A020071",3.49,3.88,3.88
"A020078",0.28,0.33,0.68
"A020114",0,0,0
"A020127",0,0,0
"A020129",4.44,4.5,3.52
"A020134",1.25,1.19,0.89
"A020147",0.72,0.92,0.72
"A020261",0,0,0
"A020264",8.98,8.27,7.66
"A020384",0,0,0
"A020401",5.89,6.37,5.38
"A020435",0,0,0
"A020491",0,0,0
"A020493",0,0,3.28
"A020557",17.13,18.32,15.63
"A020573",10.67,9,8.33
"A020583",3.34,2.88,2.47
"A020584",0,0,0
"A020634",1.99,3.12,4.04
"A020728",8.72,11.75,9.67
"A020733",12.09,15,12.67
"A020769",0,0,0
"A020788",8.91,10.18,10.32
"A020798",6.86,9.25,9.21
"A020920",0,0,0
"A020951",0,0,0
"A020979",1,0.91,0.95
"A021015",0,0,0
"A021052",0.94,0.85,0.59
"A021081",0.02,0.02,0.03
"A021148",0,0,0
"A021156",0,0,0
"A021191",4.8,5,4.79
"A021210",0.04,0.04,0.04
"A021271",0.25,0.29,0.35
"A021355",16.02,18.1,15.73
"A021360",2.63,2.93,3.18
"A021660",10.49,10.69,9.46
"A021658",0,0,0
"A021691",12.53,13.5,13
"A021817",0.79,1.15,0.77
"A021886",1.25,1.58,1.56
"A021919",6,6,5
"A021977",0,NA,NA
"A022038",0,0,0
"A022090",0,NA,1.1
"A022141",0,NA,0.01
"A022151",17.08,19.15,13.02
"A022237",0.03,0.03,0.02
"A022273",8.64,9.12,9.12
"A022342",0,0,0
"A022348",0,0,0
"A022359",15.67,15.5,12.83
"A022431",144.9,149.07,150.55
"A022496",0,1.2,1.04
"A022498",0,0,0
"A022523",2.01,1.97,1.45
"A022583",0,0,0
"A022661",0,0.01,0.01
"A022667",0,0,0
"A022745",8.79,10,9.25
"A022767",0.68,1.52,2.44
"A022807",0,0,0
"A022919",2.99,3.32,3.32
"A022929",0.01,0,0
"A020509",44.13,48,45.67
"A022962",1.57,3.1,4.67
"A023027",1.68,2.08,3.82
"A023058",2.01,1.98,1.87
"A023067",30.45,30.45,27.96
"A023077",0,0,0
"A023094",7.37,8.5,8.02
"A023144",5.29,7.6,6
"A022608",0,0,0.74
"A023165",0,0,0
"A023173",0.34,0.5,0.67
"A023328",8.53,9,8.2
"A023540",0,0,0
"A023639",0.84,3.55,4.65
"A023655",0.2,1.07,1.5
"A023766",0,0,0
"A023915",5.4,7.08,8.07
"A024004",10.1,11.88,10.25
"A024223",2.72,3.35,3.23
"A024247",0,0,0
"A024268A",51.8,51.27,34.18
"A024268B",5.97,5.95,3.97
"A024270A",2.52,3.46,4.33
"A024270B",3.58,4.25,9.05
"A024271A",0,0,0
"A024271B",0,0,0
"A024300A",159.27,122.24,133.66
"A024301",12.47,17,13.18
"A024412",0.14,0.13,0.11
"A024544",8.36,9.52,12.27
"A024569",17.03,16.73,16.08
"A024644",8.03,9.75,9.67
"A024688A",0,0,0
"A024688B",0,0,0
"A024706",6.97,8.16,7.91
"A024762A",0.12,1.88,1.25
"A024762B",0.97,0.73,0.48
"A024761",0,0.72,0.58
"A023998",7.37,8.75,8
"A024780",4.1,5.06,4.92
"A024782",0,0,0
"A024783",1.88,2,2
"C000028",2.18,2.67,2.67
"A024817",0,0,0
"A024827",9.18,11.8,12.38
"A024865A01",0,0,0.01
"A024865A02",0.97,1.26,1.64
"A024865B",0.09,0.09,0.11
"A024884",0.77,0.4,1.93
"A024891",0,0,0
"A024892A",0,0,0
"A024892B",0,0,0
"A024905",0.07,0.58,0.38
"A024921",0.04,0.04,0.04
"A024929",668.93,699.01,636.74
"A024962",0.01,0,0
"A024963",0,0,0
"A025010",0,0,0
"A025012",0.04,0.03,0.03
"A025021",0.1,NA,NA
"A025065",0,0.78,0.62
"A025125",0,NA,NA
"A025137",14.55,16.5,16.5
"C000511",0,0,0
"C000512",0,0,3.97
"A025301",2.61,2.65,1.88
"A025325",0,0,0
"A025363",0,0,0
"A025367",4.99,6.39,6.63
"A025393A",2.84,2.9,1.94
"A025393B",2.75,3.3,2.2
"C001166",0,0.14,0.21
"C001216",0,0,0
"A025623",4,3.5,3.5
"A025674",0,0,0
"A025773",0.47,0.73,0.67
"A025830",2.49,2.84,2.84
"A025831",0,0,0
"A025869",0,0,2.1
"A025939",0,0,0
"A025940",0,NA,NA
"A025964",0,0,0
"A025998",6.31,6.43,5.15
"A026113",0,0.9,1.99
"A026228",2.52,3,3
"A026233",4.02,3.8,3.41
"A026241",6.02,5.69,4.99
"A026240",4.97,4.24,3.59
"A026298A",13.88,10.87,12.43
"A026298B",20.14,19.55,19.41
"A026440",10.42,10.85,10.1
"A026442",195.96,226.52,180.73
"A026503",8.05,9.5,8.73
"A026561",0,0,0
"A026624",0,10064,6709.33
"A026740",0,0,0
"A026975",3.87,4.5,4
"A026993",0.06,0.05,0.04
"A027022",8.02,7.16,9.78
"A027031",11.8,20,20
"A027046",0.12,0.2,0.93
"A027081",0,0,0
"A027149",3.97,7.68,7.74
"A027143",0,0,0
"A027158",0.19,0.53,0.35
"A027249",0,0,0
"A027362",0,0,0
"A027424",0,0,0
"A027478",0.39,0.95,2.8
"A027479",7.6,7.42,4.95
"A027702",1.24,1.32,1.22
"A027757",9.44,8.56,8.96
"A028370",0.97,20.6,27.25
"A027953",0.47,0.75,0.62
"A028365",3.02,3.55,3.32
"A028386",0,NA,NA
"A028402",0.39,0.42,0.42
"A028828",2.52,3,3
"A028860",0,0,0
"A028878",0.01,0.01,0.01
"A029044",0,0,0
"A029070",0,0,0
"A029199",36.74,34.48,31.02
"A029272",14.84,15.47,14.45
"A029277",0,0,0
"A029333",0.17,0.95,1.79
"A029332",0,0,0
"A029397",0.3,1.1,0.74
"A029405",46.09,52.52,38.02
"A029462",1.62,1.63,1.44
"A029562",13.53,13.88,13.35
"A029502",2.52,2.62,1.96
"A029515",7.49,14,14
"D029507",0,0.37,0.37
"A029538",3.42,3.1,3.07
"A029610",4.02,4.5,3.33
"A029628",120.2,101.04,67.36
"A029671",3,2.73,2.86
"A029772",7.95,6.72,6.28
"A029802",0,0,0
"A029848",1.34,1,0.67
"A029849",0,0,0
"A029850",13.54,13.68,12.47
"A029858",5.6,7.02,8.68
"D029862",0.02,0.02,0.02
"C003979",5.85,5.75,5.33
"A029901",165.8,179.95,171.64
"C003981",7.22,8.5,7
"A029986",13.42,15.5,12
"D030095",0,0,0
"A030186",4.08,4.21,4.21
"A030125",0.19,NA,NA
"A030124",0,0,1.18
"A030173",3.82,4.68,5.03
"D030256",0,NA,NA
"D030353",0,0,0
"A030391",2.56,3.41,3.27
"D030460",5.02,5.5,5.3
"D030601",1.05,1.82,1.23
"A030882",0,0,0
"D030741",0,0,0
"A030797",9.93,15.95,13.76
"D030758",0.67,0.41,0.27
"A030933",7.97,9.08,9.07
"A031055",41.89,31.65,31.2
"D031111",0,0,0.57
"D029831",0.74,0.88,0.66
"A031257",8.86,11.39,12.45
"D031267",2.8,NA,NA
"A031304",0,0,0
"D031331",0,0,0
"A031363",10.19,12.17,14.66
"A031362",15.86,17.85,20.96
"A031501",1.51,2.25,2.83
"D031555",0,0,0.01
"A031567",7.15,7.76,7.48
"D031569",0,0,0
"D031602",1.21,1.2,1.38
"A031620",6,4,5.86
"D031651",1.16,1.26,1.18
"D031671",0,0,0
"D031681",3.36,3,4.04
"A031719",22.67,17.98,13.35
"A031737",16.37,18.57,18.12
"A031743",67.94,72.58,76.48
"L031802",1.26,1.5,1.18
"D031803",1.93,2.28,1.93
"D032058",0,0,0
"D032062",0,0,0
"D032138",0,0,0
"D032149",9.21,NA,5.73
"D032166",0.34,0.38,0.38
"D032229",0,0,0
"D032275",7.25,7.9,5.27
"D032320",0.12,0.12,0.09
"H032335",5.65,12.3,12.56
"A032372",0.63,0.66,0.66
"D032464",0.05,NA,NA
"D032534",0.3,0.31,0.24
"D032768",0,0.05,0.05
"D032188",1.5,1.32,0.98
"D032713",0.2,0.38,0.39
"D032725",0,0,0
"L032735",4.03,5.85,3.9
"D032787",0.21,0.42,0.42
"D032850",1.88,2.26,1.98
"D032708",0.01,0.01,0
"H501560",0.14,0.09,0.06
"H501640",0,0,0
"H501475",0.17,0.18,0.18
"L032966",0,NA,0
"H504162",0.15,0.17,0.17
"H506517",0,0,0
"H509254",0,0,0
"H508968",0,NA,NA
"S000093",0.68,0.75,1.17
"S000549",0,0,0
"S000632",0,0,0
"S000652",0,20,19.33
"S001181",0,0,0
"S002378",0,0,0
"S002720",0,0,0
"S002929",0,NA,0
"S003106",5.43,5.6,5.42
"S004341",0.01,0,0
"S004347",10.71,9.01,7.84
"S004460",0,0,0
"S005225",5.17,5.15,5.28
"S005226",4.99,5.23,5.51
"S008502",0,0.38,0.83
"S008582",0,0.01,0.01
"S008583",0,0,0
"S008584",0,0,0
"S008585",0,0,0
"S008586",0.01,0.01,0.01
"S008587",0,0,0
"S008588",0.02,0.02,0.02
"S008589",0.54,0.56,0.54
"S008590",0.03,0.02,0.02
"S008591",0.13,0.11,0.1
"S008592",0.19,0.17,0.15
"S008593",2,1.84,1.61
"S008661",0.18,0.26,0.57
"S008664",0,0,0.25
"S009168",0,0,0
"S009291",10.99,13.26,9.06
"S009292",11.26,11.11,7.41
"S009324",0.67,0.52,0.36
"S009689",0,NA,NA
"S012930",0,0,0.15
"S013563",3.8,NA,NA
"S013709",0.16,0.16,0.13
"S013760",0.01,0.01,0.01
"S013814",11.17,11.1,10.3
"S013850",1.2,0.99,0.79
"S014058",5.53,6.25,6.91
"S014059",6.6,8.55,9.52
"S014070",62.4,64.67,60.67
"S014075",43.91,35.15,23.43
"S014076",0,0,0
"S014080",0.9,3.09,5.82
"S014081",0.9,1.29,7.68
"S014082",0,1.35,3.6
"S014083",15.57,15.23,21.55
"S014084",29.9,29.27,26.43
"S014085",11.13,10.65,12.15
"S014090",21.53,21.2,23.55
"S014091",0.8,1.18,1.67
"S014096",0,0,0
"S014097",0,0,0
"S014479",0.35,0.36,0.36
"S014910",4.12,3.09,5.04
"S014924",0,0,0
"S014925",2.33,2.94,3.54
"S014926",0,0,0
"S014927",0,0.32,0.31
"S014928",0,0.05,0.73
"S014929",11,10.28,6.85
"S014930",0,0,0
"S014931",0,0,0
"S015118",10.98,11.51,11.17
"S015214",1.63,1.44,1.36
"S015273",1.14,0.97,0.79
"S015334",0,0,0.36
"S015459",27.83,34.43,40.48
"S015460",0.27,0.55,0.41
"S015461",3.4,2.76,4.76
"S015462",0.44,0.38,3.8
"S015463",11.21,10.65,10.18
"S015473",4.17,3.85,4.38
"S015474",0.1,1.07,1.55
"S015520",15.5,13.25,11.85
"S015821",14.58,17,14.27
"S015823",0.73,0.5,0.38
"S015828",4.71,3.74,2.84
"S015844",2.33,2.64,2.2
"S015862",0,NA,NA
"S015865",24,21,16.87
"S015872",0.1,0.1,0.09
"S015885",14.44,11.03,6.62
"S015886",7.33,8.75,5.83
"S015887",0.1,0.11,0.07
"S015895",0,0,0
"S015900",19.9,7.88,11.4
"S015901",1.46,3.75,4.48
"S015906",0,0,0
"S015908",1.68,2,2
"S015916",1.32,1.11,1.27
"S015923",0,0,0
"S015944",6.63,5.25,3.69
"S015948",0,0,0
"S015955",0,0.05,0.09
"S015981",0,0.11,0.11
"S015997",7.27,5.58,4.35
"S016025",0,0,0
"S016032",0.58,0.44,0.29
"S016038",4.11,4.23,3.85
"S016039",0.8,0.6,0.4
"S016046",4.01,3.01,2.95
"S016047",2.55,3.4,3.11
"S016048",7.76,8,8
"S016049",3.09,2.99,3.27
"S016050",2.94,2.28,2.03
"S016051",0,0.1,0.28
"S016052",0,0,0
"S016053",2.18,2.12,2.96
"S016054",2.81,8.05,6
"S016055",0.68,0.93,0.75
"S016056",2.84,2.59,3.07
"S016057",3.9,5.02,5.68
"S016058",0,0,0
"S016059",0.83,0.78,0.61
"S016060",2.06,6.03,4.49
"S016061",1.47,1.17,0.96
"S016062",0,0,0
"S016065",0,0,0
"S016066",0.46,0.64,0.89
"S016067",2.47,2.96,2.62
"S016068",4.6,6.47,6.27
"S016069",1.84,2.11,2.34
"S016134",0.28,0.22,0.2
"S016322",6.07,7.22,9.72
"S016328",0,0,0
"S016628",0.19,0.18,0.18
"S016680",1.87,1.4,6
"S016681",11.63,8.72,6.98
"S016682",0,0,0
"S016683",0,0,0
"S016684",3.97,5.05,3.37
"S016685",6.97,8.03,5.35
"S016686",0.67,1.75,1.17
"S016699",0.01,0.01,0.01
"S016700",0.06,0.05,0.04
"S016731",0.83,0.92,3.28
"S016732",11.86,7.68,7.74
"S016778",1.42,1.48,1.97
"S016779",0.14,0.13,0.16
"S016853",20.49,22.92,22.16
"S016892",6.91,7.55,7.9
"S017033",0,NA,NA
"S017034",6.25,6.29,10.63
"S017035",15.36,15.92,16.44
"S017036",11.76,13.55,12.89
"S017037",0,4.79,4.63
"S017038",5.37,5.23,5.14
"S017651",0,0,0
"S018138",1.61,1.38,1.42
"S018141",1.84,1.52,1.24
"S018142",8.31,7.24,9.08
"S018153",0.48,0.36,1.34
"S018157",32.2,29.88,30.63
"S018160",10.16,10.72,11.42
"S018190",0.48,0,0.87
"S018205",7.47,7.47,7.78
"S018213",4.87,5.45,5.9
"S018216",2.65,2.58,2.72
"S018222",6.07,5.58,6.4
"S018225",13.47,12.35,9.42
"S018640",0,0,0
"S018671",0,0,0
"S018674",0.05,0.06,0.05
"S018677",0,0,0
"S019027",7.15,6.34,5.03
"S019030",17.17,17.51,18.92
"S019045",9.53,8.13,6.22
"S019190",15.11,17.88,17.63
"S019193",7.46,10.28,8.72
"S019205",7.4,6.3,7.75
"S019232",4.14,3.1,2.07
"S019312",0,0,0
"S019384",7.54,7.08,6.53
"S019406",18.64,18.05,16.2
"S019409",18.76,17.88,16.58
"S019412",7.92,8.2,5.47
"S019697",0,NA,3.25
"S019760",5,3.75,8.12
"S019762",0,0,0
"S019763",66.52,58.07,39.78
"S019926",24.02,21.34,21.51
"S019972",9.1,9.01,12.15
"S020134",0.18,0.26,0.44
"S020596",0,0,4.39
"S020828",12,16.23,10.82
"S021353",0,0,0
"S021485",0,NA,NA
"S021488",6.07,5.97,5.52
"S021568",10.07,10.05,8.28
"S021990",0,0,0
"S021991",0,0,0
"S022015",12.97,12.93,12.42
"S022016",8.84,10.03,9.2
"S022017",0.14,0.1,0.07
"S022128",0.26,0.6,0.87
"S022287",0,NA,NA
"S022288",0,4.77,3.7
"S022309",4.72,13.78,14.75
"S022310",0,0,0
"S022400",1.4,2.35,1.57
"S022463",5.82,5.82,5.82
"S022466",4.77,5.17,4.95
"S022528",2.55,2.35,1.57
"S022557",0,0,0
"S022558",0,0,0
"S022559",7.16,12,12
"S022560",6.29,10,10
"S022561",0,0,0
"S022598",2.04,3.12,2.17
"S022607",6.62,7.2,7.2
"S022703",4.5,NA,NA
"S022713",0,0,0
"S022777",11.03,12,9.72
"S022832",0,0,0
"S022857",43.2,45.92,40.95
"S022859",0,0,0
"S023512",0.52,0.75,0.5
"S023513",47.67,48.3,44.96
"S023514",0.36,0.52,0.35
"S023515",24.09,25.68,26.05
"S023678",6.53,4.89,3.26
"S023680",0,0,0
"S023682",0,0,0
"S023707",0,0,0
"S023849",7.4,7.1,7.58
"S024131",0.02,0.03,0.04
"S024280",0,0,0
"S024349",0.42,0.53,0.56
"S024495",1.77,1.77,1.77
"S024511",0.08,0.08,0.08
"S024512",5.3,3.99,2.71
"S024513",0.02,0.01,2.71
"S024769",0.09,0.11,0.08
"S024770",0.03,0.03,0.02
"S024858",3.76,4.28,7.02
"S025042",0.81,1.73,3.88
"S025066",0.01,0.01,0.01
"S025197",7.45,7.71,7.71
"S025227",0.62,0.62,0.62
"S025228",0.16,0.16,0.16
"S025235",0.45,0.47,0.47
"S025236",0.31,0.39,0.38
"S025237",0.19,0.19,0.19
"S025242",1.26,1.26,1.06
"S025250",0.03,0.03,0.03
"S025251",0.06,0.04,0.05
"S025263",0.16,0.17,0.16
"S025270",2.93,1.93,1.93
"S025300",0,NA,NA
"S025301",4.42,4.19,3.72
"S025305",25.33,24,27.68
"S025343",5.35,5.59,3.73
"S025344",1.85,1.4,0.93
"S025345",11.8,10.97,7.31
"S025346",6.61,4.96,3.31
"S025354",1.17,1.17,1.17
"S025398",3.34,3.35,3.21
"S025471",0.01,0.01,0.01
"S025479",0,0.03,0.02
"S025484",0.17,0.12,0.08
"S025485",0.74,0.55,0.37
"S025486",1.01,1.78,1.19
"S025487",6.8,8.6,5.73
"S025488",0.34,2.06,3.19
"S025553",1.07,1.09,1.73
"S025590",0.32,0.33,0.31
"S025675",0.01,0.01,0
"S025689",0.09,0.11,0.11
"S025698",0,0.03,0.05
"S025702",0,0.08,0.08
"S025703",0.1,0.11,0.1
"S025714",0.09,0.1,0.1
"S025769",0.01,0.01,0.03
"S025792",0.64,0.66,0.64
"S025816",0.39,0.2,0.14
"S025818",0.89,0.85,0.79
"S025827",0.1,0.08,0.07
"S025833",0.07,0.07,0.05
"S025834",0.06,0.06,0.05
"S025847",2.84,3.43,3.36
"S025883",0.01,0.01,0.01
"S025889",0.38,0.39,0.43
"S025890",0,0.18,0.27
"S025891",0.4,0.41,0.41
"S025893",0,0,0
"S026037",0.02,0.02,0.03
"S026496",0,0,0
"S026639",0,0,0
"S026695",0,0,0
"S026735",0.5,0.44,0.33
"S026781",0.03,0.02,0.02
"S026853",2.06,NA,NA
"S026903",0.61,0.61,0.61
"S026919",2.65,2.77,2.5
"S027297",0.64,3.06,3.65
"S027326",0.07,0.07,0.05
"S027330",1.01,1.19,0.79
"S027331",1.3,1.13,0.75
"S027385",0,0,0
"S027435",0.36,0.36,0.36
"S027438",0.16,0.16,0.16
"S027456",0.22,0.23,0.21
"S027500",0.16,0,0
"S027654",0.1,0.1,0.1
"S027768",0,0.02,0.02
"S027883",0,NA,NA
"S027934",0,NA,NA
"S027965",0.03,0.03,0.02
"S027969",19.86,19.5,20.42
"S028035",0,0,0
"S028233",0.26,0.29,0.52
"S028289",0,0,1.88
"C004244",NA,0,0
"S028502",NA,0,0
"A030912",NA,NA,5.84
"D032490",NA,NA,0
"H033201",NA,NA,NA
"H033302",NA,NA,0
"H033340",NA,NA,NA
"S015131",NA,NA,NA
"S028757",NA,NA,0.54
"S028858",NA,NA,NA
"S028862",NA,NA,NA
"S028867",NA,NA,NA
"S028872",NA,NA,NA
