Station Name,MesoWest Station ID,RAWS_ID
YNP PORTABLE,YNWC1,
MENDOCINO PASS,MASC1,CMEN
MISSION VALLEY,BVDC1,CMVA
RUTH,RLKC1,CRUT
KNEELAND,KNNC1,CKNE
DENTEN CREEK,MWKC1,
CARPENTER RIDGE,CDEC1,CCRR
TEMESCAL 2  (CNF),TSCC1,
ARBUCKLE BASIN,PLIC1,CABS
SANJOSE,RJSC1,
EL CARISO,ECSC1,CELC
GRASSHOPPER,GRSC1,CGHP
OAKLAND NORTH,ONOC1,COKN
RODEO VALLEY,RDVC1,CROD
BEVERLY HILLS,BVRC1,CBEV
BRAZIE RANCH,BZRC1,CBZE
TRINITY CAMP,TCAC1,CTRI
BARRETT,BAJC1,CBRT
DIABLO GRANDE,DBLC1,CDIA
POPPY PARK,PPPC1,CPOP
OPENSHAW,CICC1,COPS
SCORPION,CFCC1,CSCN
BLUE MTN LOOKOUT,ULBC1,
OAKLAND SOUTH,OKSC1,COKS
BALD MTN LOC,BDMC1,CBAL
BLUE RIDGE (KNF),BUGC1,CBLQ
WEED AIRPORT,WEEC1,CWEE
EEL RIVER (MNF),EELC1,
CAMP 9,CNIC1,CCP9
BRANCH MOUNTAIN,BRHC1,CBRA
EL MIRAGE,EMRC1,CELM
TAHOE DONNER,TADC1,CTDN
LOST HORSE,LTHC1,CLHO
BROOKS,BKSC1,CBRO
CAHUILLA,QCAC1,CCAA
OAK RIDGE,OAAC1,COAR
WESTWOOD,WWDC1,CWES
PANOCHE ROAD,PCEC1,CPRD
WHITMORE,WITC1,CWHT
DEL VALLE,DLVC1,CDVA
QUINCY RD,QYRC1,CQUI
ALTAMONT,AATC1,CATT
MCGUIRES,MCGC1,CMCG
BOONVILLE,BNVC1,CBOO
PALA,PZAC1,CPLA
THOMES CREEK,TCKC1,CTHO
ALCALDE,LDEC1,CALC
SHAVER,SHVC1,CSHA
MOUNTAIN SPRINGS GRADE,TNSC1,CMSG
DEVILS GARDEN,ATSC1,CDGR
BUTTERCUP,BTTC1,CBUU
COHASSET,CSTC1,CCOH
ATLAS PEAK,ATLC1,CATL
OWENS CAMP,OWNC1,COWE
WILSON CANYON,WCYC1,CWLS
KONOCTI,KELC1,CKON
CORNING,CRGC1,CCRN
SANTA ROSA ISLAND,SRIC1,CSRI
SARATOGA SPRING,TOGC1,CSRT
SANTA CRUZ ISLAND,SNCC1,CSCI
VANDENBERG,VDBC1,CVND
WOODACRE,WDAC1,CWOO
BRECKENRIDGE,BKGC1,CBRE
SOLDIER MTN,SDRC1,
MIDDLE PEAK,MDEC1,CMPK
CAMP ELLIOTT,MPEC1,
LOS PRIETOS,LPOC1,CLOP
LASSEN LODGE,LSNC1,CLAS
JARBO GAP,JBGC1,CJAR
BARON,RWBC1,CBRN
HUMBUG SUMMIT,HMRC1,CHBG
OX RANCH,OXRC1,COXR
MONTECITO,MTIC1,CMN2
LOS GATOS,LSGC1,CLGA
MTN HOME,MNMC1,CMTH
QUARTZ HILL,QTZC1,CQUA
SANTA FE DAM,STFC1,CSFD
LOS ALTOS,LOAC1,CALT
SAN PASQUAL,PSQC1,CSPQ
KLAMATH,KLXC1,CKLB
TOPANGA,TPGC1,CTOP
BANGOR,BNGC1,CBGR
ALISO LAGUNA,ALLC1,CALG
LAYTONVILLE,LAYC1,CLAY
ACTON,ATNC1,CACT
HOMEWOOD,HMDC1,CHOM
SAN RAFAEL HILLS,SRXC1,CSRH
CARPINTERIA,CXPC1,CCRP
HAWKEYE,HWKC1,CHAW
COYOTE,COYN5,NCYC
RUSH CREEK,RSHC1,CRUS
SANTA ROSA,RSAC1,CSRS
EEL RIVER CAMP,ERCC1,CEEC
ALDER POINT,ALDC1,CAPT
COLLINS BALDY,CLBC1,CCOL
BRIDGEPORT,BPOC1,CBR4
CHEESEBORO,CEEC1,CCHB
NOTCHKO,NTCC1,
WARM SPRINGS,WMSC1,CWAR
WALKER,WALC1,CWAK
BIG ROCK,NBRC1,CBIR
SRFD LLANO ROAD,QSLC1,CSFL
EUREKA VALLEY,EVLC1,CEUR
MALLORY RIDGE,LVMC1,CMLR
LOS VAQUEROS,VAQC1,CLVQ
RICE CANYON,RNYC1,CRIA
DOG VALLEY,DOGC1,CDOG
SRFD NEWGATE COURT,QSNC1,CSFN
SRFD STATION 1,QSFC1,CSF1
SRFD HARVILLE ROAD,QSHC1,CSFH
MARKLEEVILLE,MKEC1,CMRK
PIERCE,PIEC1,CPIE
STONYFORD,SYWC1,CSTO
SBCFD PORTABLE 2,TT594,
HOOPA,HOAC1,CHOO
CAMPO SECO,CMAC1,CCSC
MILL CANYON,XMLC1,CMLC
SRFD WHITE OAK DRIVE,QSWC1,CSFW
MEAN PEAK,XMPC1,CMNP
SRFD LOS ALAMOS ROAD,QSOC1,CSFA
LEAVITT LAKE,XLLC1,CLEV
SBCFD PORTABLE 1,TT480,
CALLAHAN #2,CLNC1,
HOEPPEL,SIXC1,CHOE
EEL POINT,EPTC1,CEEP
OP3 (SAN CLEMENTE ISLAND),SCJC1,
OP1 (SAN CLEMENTE ISLAND),ISCC1,
WKRP 1 QD,TT341,
CALFIRE PORTABLE 12,TR112,
INF05 PORTABLE,TS037,
TEPUSQUET,TSQC1,CTEP
SWAIN MOUNTAIN,SWNC1,CSWA
ROBBS,RBXC1,CRBS
BEAVER,COKC1,CBVR
ASH CREEK,MCCC1,CASC
HELL HOLE,HLLC1,CHEL
PARK RIDGE,PRGC1,CPKR
ASH MOUNTAIN,TSHC1,CASM
CEDAR GROVE,CGVC1,CCDG
WOLVERTON,WVTC1,CWOL
SHF07 PORTABLE,TR158,
HUNTER MOUNTAIN,HTRC1,CHNM
KEENWILD,KNWC1,CKEE
CRANSTON,CNSC1,CCRT
KENWORTHY,KWYC1,CKNW
SMITH RIVER,DICC1,CSMR
SAC NWR,NWRC1,
CASHMAN,CHAC1,CCSH
LOWER KLAMATH - FTS,LKNC1,
SLATER BUTTE,ATRC1,CSLA
MNF02 PORTABLE,TR164,
FORT HUNTER LIGGETT,FHLC1,CFHL
PILOT ROCK FIRE CENTER,PFCC1,CPRF
KRN02 QD,TMNC1,
LA CO PORTABLE 2,TT593,
SHF08 PORTABLE,TS901,
MT. SAN JACINTO,MSJC1,CMSJ
TWISSELMAN,TWMC1,CTWI
KRN01 QD,TPHC1,
KRN03 QD,KRTC1,
ARB1 PORTABLE,TS392,
DUTCH-INDY,DUIC1,CDUT
PATTYMOCUS,PMCC1,
BANNING,BNJC1,CBNN
ROUND MOUNTAIN,RNDC1,CROU
TIMBER MOUNTAIN,TBRC1,CTIM
SEDGWICK,SXWC1,CSED
GAVIOTA,GVTC1,CGAV
BLUE DOOR,BDOC1,CBLD
RAVENDALE,RVDC1,CRAV
JUNIPER CREEK,JPRC1,CJUN
HORSE LAKE,HLKC1,CHOL
HIDDEN VALLEY,HDVC1,CHDV
BLUE MAX,BMXC1,CBMX
SURPRISE VALLEY,SSYC1,CSP3
MEANS LAKE,MNLC1,CMEA
BULL FLAT,BUFC1,CBUL
APPLE VALLEY 2,GNTC1,
RED MOUNTAIN,SQSC1,CSQS
FISH CREEK MOUNTAINS,FHCC1,
OPAL MOUNTAIN,OPLC1,COPA
BURNS CANYON,BCNC1,CBUR
MID HILLS,MDHC1,CMID
JAWBONE,JWBC1,CJAW
HORSE THIEF SPRINGS,HTSC1,CHOR
CNF40 PORTABLE,TR120,
CLEVELAND PORTABLE,TR119,
OAK GROVE,OGVC1,COG2
SUGARLOAF (SHF),SLFC1,CSUF
OAK MOUNTAIN,OMTC1,COAM
SANTA BARBARA,SBIC1,CSBB
BLACKBIRD,BLKD1,CBBD
OTAY MOUNTAIN,OTYC1,COTA
OAK CREEK,IDPC1,COCR
KETTLEMAN HILLS,KTLC1,CKET
BENTON,BETC1,CBEN
CARRIZO,CAZC1,CCAR
LAS FLORES,LSFC1,CLFL
FIVE MILE,FMRC1,CFIV
MARQUEZ 2011,MRQC1,
BEAR PEAK,BPKC1,CBEA
FALLBROOK,FBZC1,CFLB
CASE SPRINGS,CSPC1,CCAS
LAKE MATHEWS,MHEC1,CMC3
SENATOR WASH,SWLC1,CSQU
MATEO RIDGE,TEOC1,CMTR
BIRD SPRINGS PASS,BIJC1,CBSP
SANTA RITA,SRTC1,CSNR
ROBLAR CANYON,CTGC1,CROB
DOS PALMAS,DPMC1,CDPA
CASE MOUNTAIN,CSWC1,CCMO
WAWONA,WWNC1,CWAW
WWOLF,WWRC1,
PINNACLES,PCLC1,CPNN
WALKER PASS,ONYC1,CWAL
BIG HILL,BIIC1,CBIH
EL PORTAL,EPWC1,CELP
WIRE MOUNTAIN,WIRC1,CWIR
WOFFORD HEIGHTS,WFHC1,CWOF
TALEGA RIDGE,TLGC1,CTLR
CRANE,CNFC1,CCRA
HIGH GLADE LOOKOUT,HGLC1,CHGL
LYTLE CREEK,LTLC1,CLYT
LPF88 PORTABLE,TR130,
MILL CREEK (BDF),MMKC1,CMCB
MORMON ROCK,MNCC1,CMOR
CNF30 PORTABLE,TT709,
JERSEYDALE,JSDC1,CJER
SNF06 PORTABLE,FSBC1,
OLEMA VALLEY,OVYC1,COLV
SAWYERS BAR,SWBC1,CSAW
SPRING VALLEY,HSPC1,CSVA
POVERTY,MIPC1,CPOV
BOLAM,BOLC1,CBOL
PULGAS,PUGC1,CPUL
CALAVERAS ROAD,PEAC1,CCLV
LAURAL MOUNTAIN,LRLC1,CLAR
RIVERKERN,KRNC1,
INDIAN WELLS CANYON,IWLC1,CINW
LAKE COUNTY RAWS1,LKRC1,
WESTSIDE,WEDC1,CWSS
DEVORE,DVOC1,CDV2
RANCHITA,RCHC1,CRCH
VALLEY CENTER,VLCC1,CVAL
POTRERO,POTC1,CPOT
CLARK,CLHC1,CCLK
ANZA,NZAC1,CESP
SANTA ROSA PLATEAU,SRUC1,CSRO
YUCCA VALLEY,UCCC1,CYUC
JULIAN,JULC1,CJUL
BEAUMONT,BNTC1,CBEU
PIKE COUNTY LOOKOUT,PKCC1,CPIK
CONVERSE,CVEC1,CCON
VISTA GRANDE,VGRC1,CVIS
BIG PINE FLAT,BPFC1,CBPI
FAWNSKIN,FWSC1,CFAW
BATTERSON,BSNC1,CBAT
LUNDY,UNDC1,CLDK
CALFIRE PORTABLE 35,TT753,
COUNTY LINE,WISC1,CCOU
LYONS VALLEY,COWC1,CLYO
MIAMI,MIAC1,CMIA
COAST DAIRIES,XCDC1,CCDA
HOPLAND UC,HPDC1,
KNOXVILLE CREEK,KNXC1,CKNO
COOSKIE MOUNTAIN,PTEC1,CCOO
PURISIMA HILLS,PUSC1,CPUR
ANACAPA ISLAND,ANIC1,CANA
CORONA 1,CNAC1,
ROCK CAMP,RCPC1,CRCC
MULE MOUNTAIN,MMOC1,CMLM
ARB4 PORTABLE,ANUC1,
MALIBU HILLS,MBUC1,CMAL
SADDLEBACK BUTTE,SDLC1,CSAD
LAKE PALMDALE,LPDC1,CLPA
CATALINA ISLAND,CWNC1,
LA CO PORTABLE 1,TS049,
LEO CARRILLO,LCBC1,CLEO
NEWHALL PASS,NHPC1,CNEW
HENNINGER FLATS,HNGC1,CHEN
CLAREMONT,CMOC1,CCLA
CORDOZA RIDGE,CZRC1,CCDZ
ORESTIMBA CREEK,OSMC1,
PORTABLE 41,TT625,
WHISKEYTOWN HQ#2,OBRC1,CWHS
DOYLE,DYLC1,CDOY
CABAZON,BAZC1,CCAB
WHITEWATER,WWAC1,
SAGE,HMMC1,CSAG
BELL CANYON,CAPC1,CBCN
HIGHLAND SPRINGS,HSGC1,CHC3
FREMONT CANYON,FRCC1,CFRE
POPPET FLAT,POPC1,CPFL
CATHEDRAL CANYON,EDRC1,CCTH
CHINO HILLS,CQHC1,CCHH
INDIAN WELL,IDWC1,CIND
CALFIRE  PORTABLE 511 ,,
HEAPS PEAK,HHPC1,CHPP
CALFIRE PORTABLE 27,TR113,
LAS TABLAS,TABC1,CLST
CORRALITOS,CTOC1,CCOR
LA HONDA,LAHC1,CLAH
LA PANZA,LPZC1,CLAP
MARIPOSA,MPOC1,CMAR
HERNANDEZ,HDZC1,CHER
HOLLISTER,HSEC1,CHLR
PARKFIELD,PKFC1,CPAR
CALFIRE PORT 34 YARO,TT469,
TRIMMER,TRMC1,CTRM
BEN LOMOND,BNDC1,CBNL
MOUNTAIN REST,MTQC1,CMOU
HASTINGS,CAHC1,CHAS
LOS BANOS,SLRC1,CLAB
SAN LUIS OBISPO,ARGC1,CSLO
CRAZY PEAK,CRZC1,CCRZ
BRADLEY,RBYC1,CBDY
SAN SIMEON,OBPC1,CSSM
RICE VALLEY,RVYC1,CRIC
HURLEY,PRHC1,CHUR
MILO,MOLC1,CMIO
FANCHER CREEK,FCHC1,CFAN
FOUNTAIN SPRINGS,FTNC1,CFOU
OWENS VALLEY,OVRC1,COWV
MAD RIVER,MDDC1,CMAD
CALFIRE PORTABLE 44,TT468,
BARNABY,BBEC1,CBAR
JAPATUL FIRE STATION,JFSC1,CJAP
MT. LAGUNA,MLGC1,CLAG
TEMESCAL (LPF),TCLC1,CTE2
CASITAS,CSVC1,CCS2
MILLER RANCH,MLXC1,CMLL
WILEY RIDGE,WLYC1,CWIL
CALFIRE PORTABLE 14,TR110,
MOFD PORTABLE,XOSC1,
DEMOCRAT,DEMC1,CDMC
ARROYO SECO,ASRC1,CARR
HARMON,HRMC1,CHRM
VNC PORTABLE 1,TT578,
LAUFMAN,LAFC1,CLAU
OAK OPENING,OORC1,COKO
OAK KNOLL,OKNC1,COAK
KNF95 PORTABLE,TR189,
UHL,UHLC1,CUHL
ARB2 PORTABLE,TS387,
MDF07 PORTABLE,TT340,
SHF06 PORTABLE,TR169,
ROSE VALLEY,ROVC1,CROS
CALFIRE PORTABLE 31,TT308,
CALFIRE PORTABLE 17,TT467,
CALFIRE PORTABLE 24,TR099,
SNF01 PORTABLE,TS748,
PNF22 PORTABLE,TR168,
BDF03 PORTABLE,TS648,
GOOSE VALLEY,GOSC1,CGOO
PINE HILLS,PIHC1,CPHI
ALPINE,ANEC1,CALP
MOUNT ELIZABETH,MOUC1,CELI
PINEHURST,PHRC1,CPIH
DESCANSO,DENC1,CDES
CAMERON FIRE STATION,CMNC1,CCAM
MIRAMAR EAST,MSXC1,CMIS
PNF23 PORTABLE,TR179,
ROCK CREEK,RCEC1,CROC
NURSERY (SAN CLEMENTE IS),SIZC1,
SAN MIGUEL,MIGC1,CSMI
SNF02 PORTABLE,TR161,
SOMES BAR,SMBC1,CSOM
BLACK DIAMOND,PIBC1,CBKD
SLATE CREEK,TTEC1,CSLC
ENF02 PORTABLE,TS445,
CARMAN SADDLE,QCSC1,CCMA
SHIP MTN,SHXC1,CSHI
CARB EBAM QD1,TT623,
SADDLEBACK,SLEC1,CSDD
CALERO,CXOC1,CCLR
SRF54 PORTABLE,TT622,
LNF07 PORTABLE,TS877,
WHITAKER PEAK,WTPC1,CWPK
GRASS MOUNTAIN,GMTC1,CGRS
CARB EBAM QD2,TT624,
SEEDORCHARD,FSHC1,
LNF04 PORTABLE,TR147,
VANDENBERG PORTABLE,TT414,
BANNER ROAD,ESPC1,CBNR
UNDERWOOD,UDWC1,CUND
SMOKE USFS R5-49,TT205,
FENCE MEADOW,FNWC1,CFEN
FIGUEROA,FGMC1,CFIG
LADDER BUTTE,LDRC1,CLDR
HIGH SIERRA,HSQC1,CHIG
BRUSH MOUNTAIN,BHTC1,CBMT
SUGARLOAF,HUMC1,CKYB
MDF08 PORTABLE,TT249,
MILL CREEK (ANF),MLCC1,CMIL
PIUTES,PIVC1,CPIU
BDF02 PORTABLE,TR782,
LINCOLN,LICC1,CLIN
TONNER CANYON,TNRC1,CTON
SAC NWR QD,NWQC1,
CATHEYS VALLEY,CVBC1,CCAT
COLD SPRINGS,CSZC1,CCLD
LNP01 PORTABLE,TS798,
CALFIRE PORTABLE 22,TR107,
EAGLE PEAK,EPKC1,CEAG
JUANITA LAKE,JTAC1,CJUA
SIMS,SMSC1,CSIM
PINYON,PYNC1,CPNY
LPF02 PORTABLE,TR153,
METCALF GAP,MCFC1,CMET
NOVATO FIRE - ROBINHOOD,NVHC1,CNVF
SAN MARCOS PASS,MPWC1,CSMP
PINECREST 2,PNWC1,CPNC
SRF51 PORTABLE,TS846,
MDF09 PORTABLE,TT446,
JOHNSONDALE,JSNC1,CJOH
SFMU PORTABLE,TT100,
HAYFORK,HYFC1,CHAY
SHF02 PORTABLE,TS624,
GREEN SPRING,GNSC1,CGSP
STF03 PORTABLE,POJC1,
LNF05 PORTABLE,TR148,
MODOC NWR,MOWC1,CMOD
BDF04 PORTABLE,TT698,
CALFIRE PORTABLE 43,TR419,
BLACKROCK,BKRC1,CBRK
READER RANCH,RRRC1,CRDR
BACKBONE,BABC1,CBAC
CDD PORTABLE,TT355,
MALIBU CANYON,MBCC1,CMCN
PNF21 PORTABLE,TR170,
SAN LUIS PORTABLE,TS623,
ARB3 PORTABLE,TS388,
CAYIA_PORT_2,TR278,
TNF02 PORTABLE,TS052,
YOLLA BOLLA,YOBC1,CYOL
MANZANITA LAKE,VIOC1,CMAN
WHITTIER HILLS,WTHC1,CWHH
HART FLAT,HFLC1,CHTF
LNF09 PORTABLE,POBC1,
MNF03 PORTABLE (DONATION),TS378,
COTTAGE,STUC1,CSTS
SRFD PORTABLE,TT735,
TNF04 PORTABLE,TT691,
LNF00 PORTABLE,TR461,
MDF10 PORTABLE,TT445,
PNF13 PORTABLE,TR999,
CLEAR CREEK,CEKC1,CCLE
KNF92 PORTABLE,TR139,
SQF03 PORTABLE,TT662,
CND BLM PORTABLE,TS762,
VALYERMO,VLYC1,CVAY
GREEN MOUNTAIN,CCRO3,
BLACKS MOUNTAIN,BKOC1,CBLM
MT. SHASTA,MSAC1,CMS2
ANF04 PORTABLE,TS346,
TNF 03 PORTABLE,TT142,
SRF53 PORTABLE,LYEC1,
SRF50 PORTABLE,TT641,
ENF05 PORTABLE,TS045,
BEN BOLT,BENC1,CBLT
LPF03 PORTABLE,TR154,
MNF04 PORTABLE,TS379,
PORTER RANCH,PHCC1,CPRT
ANF05 PORTABLE,TS347,
LITTLE TUJUNGA,LTJC1,CLTU
REFUGIO,RHWC1,CRFU
FRIEND MTN.,FMOC1,
LPF04 PORTABLE ,,
BIG BAR,BGBC1,CBBR
STF01 PORTABLE,TS026,
LPF01 PORTABLE,TR152,
FIVE CENT,WEFC1,CFVC
GRAPEVINE PEAK,GVPC1,CGRP
LPF05 PORTABLE (FRAZIER),TT321,
TNF01 PORTABLE,TR197,
NORTH FORK,NFRC1,CNFK
ALDER SPRINGS,ECKC1,CALD
CUYAMA VALLEY,CUVC1,CCUY
SCHOOLHOUSE,SHUC1,
SQF02 PORTABLE,TT663,
LYNCH CANYON,LYQC1,CLYC
SMITH PEAK (STF),SEWC1,
GORDON,GORC1,CGOR
LNF08 PORTABLE,TS924,
OVD QD #1,OVDC1,
BIG SUR,PPSC1,CBSR
SAN LUIS NWR,SLWC1,CSNL
SAN CLEMENTE NRO,INRC1,CSCE
REDDING,RRAC1,CREA
TMU01 PORTABLE,TS626,
DEXTER,DEXC1,CDEX
PANTHER SPRINGS,PSWC1,CPNT
CHUCHUPATE,CUUC1,CCHU
CNF20 PORTABLE,TR118,
WOODY,WOCC1,CWDY
DUNCAN,DUCC1,CDUN
CAMP SIX,CSXC1,CCSX
ENF03 PORTABLE,TS446,
KNF91 PORTABLE,TR173,
SRF52 PORTABLE,TS777,
BOGARD R.S.,BOGC1,CBOG
AMSET PORTABLE,TS678,
LNF01 PORTABLE,TR144,
ROSE PEAK,RSPC1,CRSP
STF02 PORTABLE,POUC1,CST2
TANBARK,TANC1,CTAN
CRESTVIEW,CRVC1,CCRE
SAUGUS,SAUC1,CSAU
CHILAO,CHOC1,CCHI
SNF03 PORTABLE,TR162,
LAKE SKINNER,LXSC1,CLSK
LNF03 PORTABLE,TR146,
RATTLESNAKE,MKGC1,CRTL
BIG PINES,BPNC1,CBIP
SODA CREEK,SOAC1,CSDC
SHF01 PORTABLE,TS583,
ENF01 PORTABLE,TS469,
STEELY FORK,GZFC1,CSTF
BRIONES,PLEC1,CBRI
CFA RAWS,CFAC1,CCFA
STF04 PORTABLE,TT209,
CHESTER,CESC1,CCHS
CALFIRE PORTABLE 55,TT470,
BEAR FLAT,FLAC1,CBRF
MONTECITO #2,MOIC1,CMN2
MOUNT ZION,MTZC1,CMTZ
REGION 5 CLASS III,TT366,
PALOMAR,PAMC1,CPAL
MT. WASHINGTON,DGRC1,CMTW
SHADEQUARTER,SHQC1,CSHQ
PNF33 PORTABLE,TT627,
SRF52ALPHA-PORTABLE,TT690,
LAS TRAMPAS,LTRC1,CTRA
BIG BEAR,TT466,
MINARETS,MTTC1,CMNR
SQF01 PORTABLE,TR165,
COLUMBIA COLLEGE,TT706,
DINKEY,DKYC1,CDNK
BLUE MOUNTAIN,BMUC1,CBML
GASQUET 2,GQEC1,CGA2
WHITE CLOUD,CISC1,CWHC
PILOT HILL,PLTC1,CPIL
INF04 PORTABLE,TS042,
SB BOTANIC GARDEN,SBVC1,
VAN BREMMER,VABC1,CVAN
OZENA,OZNC1,COZE
MOUNT TOM,MMTC1,CTOM
SMOKE USFS R5-39,TT203,
SNF04 PORTABLE,TR172,
STAMPEDE,SMDC1,CSTA
COLBY MOUNTAIN,CBXC1,CCMT
PEPPERMINT,PEPC1,CPEP
SECRET TOWN,SETC1,CSEC
GRANITE SPRINGS,GXSC1,CGRG
HORNBROOK,HNBC1,CHNB
IDES COVE,IDEC1,CIDE
PEPPERDINE RAWS,PPEC1,CPPR
ROADRUNNER RAWS,RRNC1,
PNF23 PORTABLE,TR181,
TMU PORTABLE 02,TT336,
LPF06 PORTABLE,TT642,
SJSU FTS PORTABLE #1,TT773,
ELK MOUNTAIN,HOMC1,CEMT
CALFIRE  PORTABLE 511,TT309,
