"Year","month","day","h","m","s","Date","NOAA_PRECIP1","NOAA_PRECIP2","NOAA_PRECIP3","RAWS_PRECIP4","NOAA_PRECIP5","CIMIS_PRECIP6","RAWS_PRECIP7","NOAA_PRECIP8","RAWS_PRECIP9","NOAA_PRECIP10","NOAA_PRECIP11","CIMIS_PRECIP12","NOAA_PRECIP13","NOAA_PRECIP14","NOAA_PRECIP15","NOAA_TMAX1","NOAA_TMAX2","CIMIS_TMAX3","CIMIS_TMAX4","RAWS_TMAX5","NOAA_TMAX6","RAWS_TMAX7","RAWS_TMAX8","NOAA_TMIN1","NOAA_TMIN2","CIMIS_TMIN3","CIMIS_TMIN4","RAWS_TMIN5","NOAA_TMIN6","RAWS_TMIN7","RAWS_TMIN8","Runoff1","Runoff2","Runoff3","Runoff4","Runoff5","Runoff6","Runoff7","Runoff8","Runoff9","Runoff10","Runoff11","Runoff12","Runoff13","Runoff14","Runoff15","Runoff16","Runoff17","Runoff18","Runoff19","Runoff20","Runoff21","Runoff22"
2023,10,1,0,0,0,2023-10-01,0,0,0,0,0,0,0,0,0,0,0,0,0,0,0,33.33,37.8,32.2,34.4,34.4,37.78,31.7,33.3,15.56,12.9,10.6,8.9,28.9,12.22,25.6,23.3,1,1,1,1,1,1,1,1,1,1,1,1,1,1,1,1,1,1,1,1,1,1
2023,10,2,0,0,0,2023-10-02,0,0,0,0,0,0,0,0,0,0,0,0,0,0,0,37.78,35.2,32,37.2,33.9,31.67,30,35,13.33,14.9,12.4,7.2,26.7,12.22,23.9,20.6,1,1,1,1,1,1,1,1,1,1,1,1,1,1,1,1,1,1,1,1,1,1
2023,10,3,0,0,0,2023-10-03,0,0,0,0,0,0,0,0,0,0,0,0,0,0,0,39.44,36.4,35.6,36.1,35,37.22,30,38.3,10.56,14.5,12.1,8.5,25,9.44,21.7,20,1,1,1,1,1,1,1,1,1,1,1,1,1,1,1,1,1,1,1,1,1,1
2023,10,4,0,0,0,2023-10-04,0,0,0,0,0,0,0,0,0,0,0,0,0,0,0,33.33,36.6,36.7,38.1,30.6,37.22,27.8,28.9,10,12.5,9.8,7.2,22.8,6.67,20.6,10.6,1,1,1,1,1,1,1,1,1,1,1,1,1,1,1,1,1,1,1,1,1,1
2023,10,5,0,0,0,2023-10-05,0,0,0,0,0,0,0,0,0,0,0,0,0,0,0,33.89,34.2,33.9,29.2,30,35,28.3,32.2,8.89,10.8,5.6,6.5,21.7,6.67,18.9,10.6,1,1,1,1,1,1,1,1,1,1,1,1,1,1,1,1,1,1,1,1,1,1
2023,10,6,0,0,0,2023-10-06,0,0,0,0,0,0,0,0,0,0,0,0,0,0,0,32.78,34.3,33.9,31.1,29.4,35,29.4,30.6,7.78,10.1,5.6,3.3,23.3,6.67,20.6,9.4,1,1,1,1,1,1,1,1,1,1,1,1,1,1,1,1,1,1,1,1,1,1
2023,10,7,0,0,0,2023-10-07,0,0,0,0,0,0,0,0,0,0,0,0,0,0,0,27.22,34.4,30,24.4,25.6,34.44,26.7,23.3,10,8.7,2.8,6.7,15,5.56,17.8,10,1,1,1,1,1,1,1,1,1,1,1,1,1,1,1,1,1,1,1,1,1,1
2023,10,8,0,0,0,2023-10-08,0,0,0,0,0,0,0,0,0,0,0,0,0,0,0,21.67,31,23.9,20,18.9,31.11,24.4,19.4,11.11,7.4,8.3,7.8,10,8.33,13.9,11.7,1,1,1,1,1,1,1,1,1,1,1,1,1,1,1,1,1,1,1,1,1,1
2023,10,9,0,0,0,2023-10-09,0,0,0,0,0,0,0,0,0,0,0,0,0,0,0,25.56,24.4,23.2,19.9,20.6,26.67,21.7,21.7,12.22,9,8.8,10.2,7.8,5,11.1,11.7,1,1,1,1,1,1,1,1,1,1,1,1,1,1,1,1,1,1,1,1,1,1
2023,10,10,0,0,0,2023-10-10,0,2.8,0,0.8,0,0,1.3,0,0,0,0,0,0,0.3,1.5,21.67,26.1,22.8,23,16.7,25.56,13.3,18.3,11.67,10.6,10.6,11.3,12.8,12.22,10,12.2,1,1,1,1,1,1,1,1,1,1,1,1,1,1,1,1,1,1,1,1,1,1
2023,10,11,0,0,0,2023-10-11,3.3,0.3,0.7,0.3,0.5,0.7,0,0,0,0,0.3,0,1.3,0.3,0,29.44,20.5,26.7,28.3,25,25.56,18.9,28.3,13.89,9.7,7.8,4.4,12.8,7.78,8.3,13.3,1,1,1,1,1,1,1,1,1,1,1,1,1,1,1,1,1,1,1,1,1,1
2023,10,12,0,0,0,2023-10-12,0,0,0,0,0,0,0,0,0,0,0,0,0,0,0,33.33,26.1,30.6,31.7,28.9,29.44,23.9,31.1,15,8.9,5.6,5.6,20,5.56,13.9,16.7,1,1,1,1,1,1,1,1,1,1,1,1,1,1,1,1,1,1,1,1,1,1
2023,10,13,0,0,0,2023-10-13,0,0,0,0,0,0,0,0,0,0,0,0,0,0,0,35,30.1,32.2,31.2,30.6,29.44,25,32.8,13.89,8.7,8.3,7,21.7,8.33,17.8,17.8,1,1,1,1,1,1,1,1,1,1,1,1,1,1,1,1,1,1,1,1,1,1
2023,10,14,0,0,0,2023-10-14,0,0,0,0,0,0,0,0,0,0,0,0,0,0,0,35,31.2,32.2,36.1,31.7,32.78,25.6,33.9,20,10.9,9.4,10,21.1,9.44,16.7,20,1,1,1,1,1,1,1,1,1,1,1,1,1,1,1,1,1,1,1,1,1,1
2023,10,15,0,0,0,2023-10-15,0,0,0,0,0,0,0,0,0,0,0,0,0,0,0,38.89,31.6,31.2,36.7,33.9,36.11,31.7,35.6,15.56,12.1,10.3,7.8,26.1,8.89,23.9,18.3,1,1,1,1,1,1,1,1,1,1,1,1,1,1,1,1,1,1,1,1,1,1
2023,10,16,0,0,0,2023-10-16,0,0,0,0,0,0,0,0,0,0,0,0,0,0,0,38.89,35.7,36.5,37.8,33.3,36.11,30.6,36.7,13.89,12.1,9.8,5.6,24.4,9.44,21.1,23.9,1,1,1,1,1,1,1,1,1,1,1,1,1,1,1,1,1,1,1,1,1,1
2023,10,17,0,0,0,2023-10-17,0,0,0,0,0,0,0,0,0,0,0,0,0,0,0,37.78,36.2,36.3,37.8,33.3,35.56,30,35.6,12.22,10.9,8.9,4.4,25,7.78,22.8,20.6,1,1,1,1,1,1,1,1,1,1,1,1,1,1,1,1,1,1,1,1,1,1
2023,10,18,0,0,0,2023-10-18,0,0,0,0,0,0,0,0,0,0,0,0,0,0,0,35,36.6,36.8,32.8,31.1,35.56,28.9,32.2,11.67,10.9,8.3,5,22.8,8.89,22.2,16.1,1,1,1,1,1,1,1,1,1,1,1,1,1,1,1,1,1,1,1,1,1,1
2023,10,19,0,0,0,2023-10-19,0,0,0,0,0,0,0,0,0,0,0,0,0,0,0,31.11,33.8,33.1,29.4,27.8,33.33,27.8,28.3,9.44,11.6,8.6,3.9,22.2,8.33,20.6,13.9,1,1,1,1,1,1,1,1,1,1,1,1,1,1,1,1,1,1,1,1,1,1
2023,10,20,0,0,0,2023-10-20,0,0,0,0,0,0,0,0,0,0,0,0,0,0,0,33.33,32.6,32.2,32.2,29.4,32.78,27.2,30,8.89,10.7,8.2,2.8,22.2,7.22,21.7,13.3,1,1,1,1,1,1,1,1,1,1,1,1,1,1,1,1,1,1,1,1,1,1
2023,10,21,0,0,0,2023-10-21,0,0,0,0,0,0,0,0,0,0,0,0,0,0,0,32.78,33.2,31.7,31.1,28.9,32.78,25.6,29.4,10,10.3,5.6,3.9,21.1,7.22,18.9,13.3,1,1,1,1,1,1,1,1,1,1,1,1,1,1,1,1,1,1,1,1,1,1
2023,10,22,0,0,0,2023-10-22,0,0,0,0,0,0,0,0,0,0,0,0,0,0,0,28.89,30.5,31.1,26.1,25,30,24.4,25,10.56,9.6,5.6,3.9,17.2,7.22,14.4,9.4,1,1,1,1,1,1,1,1,1,1,1,1,1,1,1,1,1,1,1,1,1,1
2023,10,23,0,0,0,2023-10-23,0,0,0,0,0,0,0,0,0,0,0,0,0,0,0,24.44,29.9,25.6,25.5,20.6,29.44,20,21.1,9.44,8.5,3.9,6.1,12.2,4.44,13.9,10,1,1,1,1,1,1,1,1,1,1,1,1,1,1,1,1,1,1,1,1,1,1
2023,10,24,0,0,0,2023-10-24,0,0,0,0,0,0,0,0,0,0,0,0,0,0,0,19.44,26,20.6,19.4,15.6,25.56,18.3,17.2,7.78,6.5,3.3,7.8,9.4,3.89,12.2,8.9,1,1,1,1,1,1,1,1,1,1,1,1,1,1,1,1,1,1,1,1,1,1
2023,10,25,0,0,0,2023-10-25,0,0,0,0,0,0,0,0,0.3,0,0,0,0,0,0,25,22.3,23.3,23.3,20.6,23.89,17.2,22.8,11.67,6,3.9,9.4,7.2,3.89,9.4,11.1,1,1,1,1,1,1,1,1,1,1,1,1,1,1,1,1,1,1,1,1,1,1
2023,10,26,0,0,0,2023-10-26,0,0,0,0,0,0,0,0,0,0,0,0,0,0,0,28.89,22.7,22.6,27.2,21.1,25.56,20,25,11.67,6.1,2.6,11.1,11.1,1.67,9.4,13.9,1,1,1,1,1,1,1,1,1,1,1,1,1,1,1,1,1,1,1,1,1,1
2023,10,27,0,0,0,2023-10-27,0,0,0,0,0,0,0,0,0,0,0,0,0,0,0,33.33,25.9,25.6,29.4,28.3,28.33,26.7,27.2,8.33,4,0.9,3.9,16.1,2.22,15.6,15,1,1,1,1,1,1,1,1,1,1,1,1,1,1,1,1,1,1,1,1,1,1
2023,10,28,0,0,0,2023-10-28,0,0,0,0,0,0,0,0,0,0,0,0,0,0,0,27.78,31.2,30.9,25.6,24.4,31.67,25,26.1,8.89,5.7,2.7,-0.6,15,2.78,18.3,12.8,1,1,1,1,1,1,1,1,1,1,1,1,1,1,1,1,1,1,1,1,1,1
2023,10,29,0,0,0,2023-10-29,0,0,0,0,0,0,0,0,0,0,0,0,0,0,0,28.33,29.5,29.9,27.8,24.4,28.89,25,26.7,5,5.3,2.7,-0.6,16.1,2.22,17.2,11.1,1,1,1,1,1,1,1,1,1,1,1,1,1,1,1,1,1,1,1,1,1,1
2023,10,30,0,0,0,2023-10-30,0,0,0,0,0,0,0,0,0,0,0,0,0,0,0,26.67,28.6,29.4,25,23.3,27.6,23.3,23.9,3.89,5.1,2.4,0,16.7,3.3,17.2,7.8,1,1,1,1,1,1,1,1,1,1,1,1,1,1,1,1,1,1,1,1,1,1
2023,10,31,0,0,0,2023-10-31,0,0,0,0,0,0,0,0,0,0,0,0,0,0,0,30,28.4,29.4,28.9,25,28.33,24.4,27.2,3.89,4.3,1.1,-0.6,18.9,2.22,17.2,8.9,1,1,1,1,1,1,1,1,1,1,1,1,1,1,1,1,1,1,1,1,1,1
2023,11,1,0,0,0,2023-11-01,0,0,0,0,0,0,0,0,0,0,0,0,0,0,0,30,28.7,27.9,30,27.2,31.67,24.4,28.3,6.67,6.7,3.8,1.1,16.7,3.33,17.2,13.3,1,1,1,1,1,1,1,1,1,1,1,1,1,1,1,1,1,1,1,1,1,1
2023,11,2,0,0,0,2023-11-02,0,0,0,0,0,0,0,0,0,0,0,0,0,0,0,31.11,29.9,29.3,30.6,27.2,31.67,26.1,28.9,6.67,6.8,4.6,1.1,18.9,2.22,17.2,10,1,1,1,1,1,1,1,1,1,1,1,1,1,1,1,1,1,1,1,1,1,1
2023,11,3,0,0,0,2023-11-03,0,0,0,0,0,0,0,0,0,0,0,0,0,0,0,25,30.3,30.1,22.2,24.4,31.11,22.8,21.7,4.44,5.8,3.6,2.2,15.6,2.22,14.4,6.1,1,1,1,1,1,1,1,1,1,1,1,1,1,1,1,1,1,1,1,1,1,1
2023,11,4,0,0,0,2023-11-04,0,0,0,0,0,0,0,0,0,0,0,0,0,0,0,27.78,26.2,26.5,26.7,24.4,27.22,20.6,25.6,7.22,4.9,2.7,6.1,13.9,4.44,13.3,8.9,1,1,1,1,1,1,1,1,1,1,1,1,1,1,1,1,1,1,1,1,1,1
2023,11,5,0,0,0,2023-11-05,0,0,0,0,0,0,0,0,0,0,0,0,0.3,0,0,31.11,26.4,26.3,25.9,27.8,28.89,25,27.8,10,8.4,5.6,6.5,13.9,5,8.9,15,1,1,1,1,1,1,1,1,1,1,1,1,1,1,1,1,1,1,1,1,1,1
2023,11,6,0,0,0,2023-11-06,1.6,0.3,0.5,3.8,0.5,0,5.8,0,0,0,0,0,3.6,0,0,16.67,29,28.6,28.5,12.8,28.89,8.3,15.6,7.22,7.6,5.6,5.9,5.6,6.67,1.7,7.2,1,1,1,1,1,1,1,1,1,1,1,1,1,1,1,1,1,1,1,1,1,1
2023,11,7,0,0,0,2023-11-07,2.5,0.3,2.4,0,3.6,1.6,0.3,2,0.3,0.8,0,0,0,0.3,0,18.89,12.1,12.5,16.6,13.3,19.44,8.3,16.1,6.67,2.8,1.3,3.3,2.8,2.22,0.6,6.1,1,1,1,1,1,1,1,1,1,1,1,1,1,1,1,1,1,1,1,1,1,1
2023,11,8,0,0,0,2023-11-08,0,0,0,0,0,0,0,0,0,0,0,0,0,0,0,15,14.9,14.4,16.1,9.4,19.44,6.1,13.3,6.11,2.3,-2.8,-1.1,3.9,4.44,0,6.7,1,1,1,1,1,1,1,1,1,1,1,1,1,1,1,1,1,1,1,1,1,1
2023,11,9,0,0,0,2023-11-09,0,0,0,0,0,0,0,0,0,0,0,0,0,0,0,16.67,12.6,12.6,14.8,11.1,13.89,8.3,13.9,-0.56,-1.4,-3.8,-1.3,5,-5,2.2,5.6,1,1,1,1,1,1,1,1,1,1,1,1,1,1,1,1,1,1,1,1,1,1
2023,11,10,0,0,0,2023-11-10,0,0,0,0,0,0,0,0,0,0,0,0,0,0,0,19.44,14.4,14.7,18.3,15.6,18.33,10.6,17.8,0.56,-2.7,-5.1,-5,6.7,-2.78,4.4,4.4,1,1,1,1,1,1,1,1,1,1,1,1,1,1,1,1,1,1,1,1,1,1
2023,11,11,0,0,0,2023-11-11,0,0,0,0,0,0,0,0,0,0,0,0,0,0,0,16.11,17.3,17,18.1,12.8,15.56,11.7,15.6,3.89,-0.2,-2.6,-2.9,5,-2.78,3.9,7.2,1,1,1,1,1,1,1,1,1,1,1,1,1,1,1,1,1,1,1,1,1,1
2023,11,12,0,0,0,2023-11-12,0,0,0,0,0,0,0,0,0,0,0,0,0.3,0,0,18.89,15.1,15.7,18.3,14.4,16.11,11.7,17.2,0.56,0.3,-2,-3.9,6.7,-3.89,5,5,1,1,1,1,1,1,1,1,1,1,1,1,1,1,1,1,1,1,1,1,1,1
2023,11,13,0,0,0,2023-11-13,0.8,24.4,0.2,10.4,0.8,0,11.2,0,10.2,7.4,8.9,8.4,28.2,13.7,29.2,13.33,16.1,13.3,17.6,10.6,16.11,8.3,12.8,5.56,-1.1,3.3,-2.3,5.6,6.67,2.8,7.2,1,1,1,1,1,1,1,1,1,1,1,1,1,1,1,1,1,1,1,1,1,1
2023,11,14,0,0,0,2023-11-14,23.9,0.5,15.9,0,19.6,13.7,0,10.4,0,0.3,0,0.3,0.3,13.7,0,19.44,12.7,18.3,17.8,13.9,15.56,10,16.7,3.33,2.6,0.6,1.7,6.1,1.11,3.9,6.7,1,1,1,1,1,1,1,1,1,1,1,1,1,1,1,1,1,1,1,1,1,1
2023,11,15,0,0,0,2023-11-15,1.1,1.8,0.1,0.5,0.5,0,0,0,0,0,0.3,0,0,0.3,0,21.67,15.5,18.9,20.6,16.1,15.56,10.6,19.4,3.33,2.9,1.1,-0.6,8.9,7.78,6.1,6.7,1,1,1,1,1,1,1,1,1,1,1,1,1,1,1,1,1,1,1,1,1,1
2023,11,16,0,0,0,2023-11-16,6.7,0.3,2.3,0,4.8,1.4,0,0,0,0.3,0,0,0.5,0,0,21.67,14.2,15.9,22.2,19.4,21.67,16.1,21.7,8.89,6.2,4.4,5,13.3,7.78,10,10,1,1,1,1,1,1,1,1,1,1,1,1,1,1,1,1,1,1,1,1,1,1
2023,11,17,0,0,0,2023-11-17,1,16,0.1,12.7,0.3,0,18.8,0,26.4,20.3,18.5,0.2,24.6,10.7,26.9,13.89,20.5,13.9,21.6,15.6,21.67,11.1,14.4,7.22,9.8,10.6,5.7,8.9,8.89,7.2,11.7,1,1,1,1,1,1,1,1,1,1,1,1,1,1,1,1,1,1,1,1,1,1
2023,11,18,0,0,0,2023-11-18,20.4,9.7,26,12.7,35.3,21.7,10.4,18.5,4.6,1.8,13.5,7.9,0.3,25.7,26.9,17.78,13.8,17.2,16.7,11.7,13.89,7.8,15.6,6.67,10.8,4.4,5.6,7.2,10.56,4.4,9.4,1,1,1,1,1,1,1,1,1,1,1,1,1,1,1,1,1,1,1,1,1,1
2023,11,19,0,0,0,2023-11-19,6.5,0.5,2.8,0.3,4.8,4.4,0,2.8,0,0.3,0,0,0.3,0.3,0,19.44,14.6,17.8,18.3,13.9,15,11.1,16.7,4.44,5.6,2.8,2.2,6.7,3.33,3.9,6.7,1,1,1,1,1,1,1,1,1,1,1,1,1,1,1,1,1,1,1,1,1,1
2023,11,20,0,0,0,2023-11-20,0,0.3,0,0,0,0,0.3,0,0,0,0,0,0.3,0,0,21.67,15.2,17.8,20,16.1,16.11,15,18.3,2.78,2.8,-0.6,-0.6,8.9,-0.56,6.7,7.2,1,1,1,1,1,1,1,1,1,1,1,1,1,1,1,1,1,1,1,1,1,1
2023,11,21,0,0,0,2023-11-21,0,0,0,0,0,0,0,0,0,0.3,0,0,0,0,0,19.44,15.9,16.4,19.2,17.2,16.67,17.2,17.2,0.56,1.4,-0.7,-0.7,11.1,-3.33,11.7,5,1,1,1,1,1,1,1,1,1,1,1,1,1,1,1,1,1,1,1,1,1,1
2023,11,22,0,0,0,2023-11-22,0,0,0,0.5,0,0,0,0,0,0,0,0,0,0,0,17.22,17.1,17.2,16.1,14.4,16.67,14.4,15,1.67,0.6,-2.8,-2.2,8.9,-1.67,5.6,5,1,1,1,1,1,1,1,1,1,1,1,1,1,1,1,1,1,1,1,1,1,1
2023,11,23,0,0,0,2023-11-23,1.1,0.5,0.9,0,1,0.5,0,0,0,0,0,0,0,0.3,0,19.44,15.3,17.8,18.9,14.4,16.67,10,17.8,6.11,0.6,0.6,2.2,7.2,2.78,4.4,7.8,1,1,1,1,1,1,1,1,1,1,1,1,1,1,1,1,1,1,1,1,1,1
2023,11,24,0,0,0,2023-11-24,0,0.3,0,0,0,0,0.3,0,0,0,0,0,0,0,0,20.56,15.9,16.3,18.9,16.7,18.33,16.1,18.3,3.89,2.8,1.2,-1.1,5.6,0.56,3.9,7.2,1,1,1,1,1,1,1,1,1,1,1,1,1,1,1,1,1,1,1,1,1,1
2023,11,25,0,0,0,2023-11-25,0.6,0,0.1,0.8,0.8,0.1,0.8,0,0,0.3,0,0,0,0,0,17.22,17.8,15.6,17.8,12.2,18.33,7.2,16.1,2.22,1.7,1.7,2.2,4.4,4.44,1.1,7.2,1,1,1,1,1,1,1,1,1,1,1,1,1,1,1,1,1,1,1,1,1,1
2023,11,26,0,0,0,2023-11-26,0,0.3,0,0,0,0,0,0,0,0,0,0,0,0,0,20.56,14.4,14.4,19.4,14.4,16.67,11.7,17.8,6.11,0.9,-0.2,3.9,7.8,-2.78,4.4,7.8,1,1,1,1,1,1,1,1,1,1,1,1,1,1,1,1,1,1,1,1,1,1
2023,11,27,0,0,0,2023-11-27,0,0,0,0,0,0,0,0,0,0,0,0,0,0,0,20,16.2,16.8,20,16.1,18.33,15,18.3,1.11,0.2,-1.8,-3.3,10,-2.22,8.9,7.8,1,1,1,1,1,1,1,1,1,1,1,1,1,1,1,1,1,1,1,1,1,1
2023,11,28,0,0,0,2023-11-28,0,0,0,0,0,0,0,0,0,0,0,0,0,0,0,20.56,18,18.6,20,15.6,18.33,14.4,18.3,0,0,-2.1,-3.9,8.3,-3.33,7.8,5,1,1,1,1,1,1,1,1,1,1,1,1,1,1,1,1,1,1,1,1,1,1
2023,11,29,0,0,0,2023-11-29,0,0,0,0,0,0,0,0,0,0,0,0,0,0,0,20.56,17.3,18.1,20.6,16.7,18.33,16.1,18.9,0,-0.2,-2.7,-3.9,10.6,-2.78,10,6.7,1,1,1,1,1,1,1,1,1,1,1,1,1,1,1,1,1,1,1,1,1,1
2023,11,30,0,0,0,2023-11-30,0,0,0,0,0,0,0,0,0,0,0,0,0,0,0,20,17.7,18.6,19.5,17.2,16.6,14.4,18.3,0,0.1,-2.3,-2.4,11.1,-1.5,8.3,5,1,1,1,1,1,1,1,1,1,1,1,1,1,1,1,1,1,1,1,1,1,1
2023,12,1,0,0,0,2023-12-01,0,0,0,0,0,0,0,0,0,0,0,0,0,0,0,21.11,19.1,19.2,18.2,17.2,19.44,15.6,18.9,2.22,0.1,-1.9,-1.9,10.6,-1.67,8.9,6.1,1,1,1,1,1,1,1,1,1,1,1,1,1,1,1,1,1,1,1,1,1,1
2023,12,2,0,0,0,2023-12-02,0,0,0,0,0,0,0,0,0,0,0,0,0,0,0,20,18.3,19.8,19.4,17.8,19.44,16.7,18.3,1.67,1.6,-0.8,-3.3,12.2,-1.67,11.7,7.2,1,1,1,1,1,1,1,1,1,1,1,1,1,1,1,1,1,1,1,1,1,1
2023,12,3,0,0,0,2023-12-03,0,0,0,0,0,0,0,0,0,0,0,0,0,0,0,19.44,19.5,19.2,18.4,16.1,18.89,14.4,17.8,2.78,1.4,-0.6,-1.3,10.6,0,9.4,6.7,1,1,1,1,1,1,1,1,1,1,1,1,1,1,1,1,1,1,1,1,1,1
2023,12,4,0,0,0,2023-12-04,0,0,0,0,0,0,0,0,0,0,0,0,0,0,0,22.22,18.1,17.6,21.1,17.8,18.89,16.1,19.4,2.22,2.2,0.3,-3.3,11.1,-1.11,8.9,7.8,1,1,1,1,1,1,1,1,1,1,1,1,1,1,1,1,1,1,1,1,1,1
2023,12,5,0,0,0,2023-12-05,0,0,0,0,0,0,0,0,0,0,0,0,0,0,0,16.67,18.8,17.8,16.7,15.6,18.89,12.2,15,2.78,1.3,-2.8,-2.2,8.3,-1.67,7.2,6.7,1,1,1,1,1,1,1,1,1,1,1,1,1,1,1,1,1,1,1,1,1,1
2023,12,6,0,0,0,2023-12-06,0.4,0,0,0,0,0,0,0,0,0,0,0.3,0,0,0,21.11,15.4,18.9,15.9,15.6,16.11,13.3,18.3,1.67,1,-1.1,-0.4,8.3,-0.56,5,6.1,1,1,1,1,1,1,1,1,1,1,1,1,1,1,1,1,1,1,1,1,1,1
2023,12,7,0,0,0,2023-12-07,0,0,0,0,0,0,0,0,0,0,0,0,0,0,0,26.11,16.7,17.2,25,19.4,23.33,17.8,22.8,7.22,2.3,0.5,1.1,11.7,0.56,8.9,14.4,1,1,1,1,1,1,1,1,1,1,1,1,1,1,1,1,1,1,1,1,1,1
2023,12,8,0,0,0,2023-12-08,0,0,0,0,0,0,0,0,0,0,0,0,0,0,0,24.44,23.2,22.8,23.9,22.2,22.22,19.4,22.8,3.89,2.5,0.3,-2.2,13.3,-1.67,13.3,10.6,1,1,1,1,1,1,1,1,1,1,1,1,1,1,1,1,1,1,1,1,1,1
2023,12,9,0,0,0,2023-12-09,0,0,0,0,0,0,0,0,0,0,0,0,0,0,0,21.11,21.5,22.2,22.7,17.2,17.22,15,16.7,1.67,1.6,-0.2,-0.1,11.7,-1.11,10.6,8.3,1,1,1,1,1,1,1,1,1,1,1,1,1,1,1,1,1,1,1,1,1,1
2023,12,10,0,0,0,2023-12-10,0,0,0,0,0,0,0,0,0,0,0,0,0,0,0,22.22,17.6,18.2,18.1,17.2,17.22,12.8,18.3,2.78,1.7,-0.8,-1.1,6.1,-2.78,2.2,6.7,1,1,1,1,1,1,1,1,1,1,1,1,1,1,1,1,1,1,1,1,1,1
2023,12,11,0,0,0,2023-12-11,0,3.8,0,24.9,0,0,26.4,0,17.5,15.5,14.7,12.7,0,10.9,0.3,11.67,17.9,8.9,11.7,7.8,14.44,6.7,10,5,0.2,5.6,6.7,3.3,-1.11,1.1,6.1,1,1,1,1,1,1,1,1,1,1,1,1,1,1,1,1,1,1,1,1,1,1
2023,12,12,0,0,0,2023-12-12,22.5,10.2,28.3,2.3,36.8,23.7,0.3,27.2,0.5,0,1,0,17.8,10.9,16.3,15,8.4,17.2,11.3,12.2,12.78,7.2,12.2,6.67,1.6,5.6,1.3,6.7,3.89,3.9,7.2,1,1,1,1,1,1,1,1,1,1,1,1,1,1,1,1,1,1,1,1,1,1
2023,12,13,0,0,0,2023-12-13,9,22.9,6.4,12.7,7.4,5.5,9.1,8.9,12.5,15,21.8,6.6,6.4,25.7,14,13.33,13.4,12.8,13.9,8.3,11.11,6.1,11.7,4.44,5.9,3.3,5,5,7.22,2.2,6.1,1,1,1,1,1,1,1,1,1,1,1,1,1,1,1,1,1,1,1,1,1,1
2023,12,14,0,0,0,2023-12-14,14.1,0.3,8.1,0.3,7.9,10.6,0,11.7,0,2.5,0,0,7.9,3,0,16.11,11.3,13.9,16.1,10.6,12.22,7.2,13.9,3.33,2.9,0.6,-0.6,3.9,-0.56,0.6,5.6,1,1,1,1,1,1,1,1,1,1,1,1,1,1,1,1,1,1,1,1,1,1
2023,12,15,0,0,0,2023-12-15,0,0.3,0,0.3,0,0,0,0,0,0,0,0,0,0,0,16.11,12.5,16.1,16.7,11.7,12.78,8.3,15,3.89,1.4,1.7,1.7,7.8,2.78,5,6.7,1,1,1,1,1,1,1,1,1,1,1,1,1,1,1,1,1,1,1,1,1,1
2023,12,16,0,0,0,2023-12-16,3.2,7.1,1.1,20.1,3.6,0.4,15.5,0,14.7,14.5,18.3,0.2,2,14.7,2.3,10.56,14.1,14.9,15.1,9.4,12.78,8.9,10.6,8.33,3.8,2.4,2.4,7.2,8.89,6.1,7.2,1,1,1,1,1,1,1,1,1,1,1,1,1,1,1,1,1,1,1,1,1,1
2023,12,17,0,0,0,2023-12-17,34.9,0,23.4,6.1,34.5,20.7,3.8,20.3,3.6,3,7.6,19.1,26.4,19.8,30.2,14.44,10.8,13.3,12.3,9.4,11.67,6.1,12.8,6.11,8.4,0,5,5.6,5.56,2.8,7.2,1,1,1,1,1,1,1,1,1,1,1,1,1,1,1,1,1,1,1,1,1,1
2023,12,18,0,0,0,2023-12-18,0,0.3,0,0,0.3,0.2,0.3,0,0,0,0,0,0,0.3,0,18.33,11.6,12.1,14.3,14.4,15,14.4,15.6,2.22,1,-0.4,1.7,6.1,-2.22,6.1,6.1,1,1,1,1,1,1,1,1,1,1,1,1,1,1,1,1,1,1,1,1,1,1
2023,12,19,0,0,0,2023-12-19,0,0,0,0,0,0,0,0,0,0,0,0,0,0,0,19.44,15.2,18.9,16.2,13.9,15,11.7,16.1,1.11,0.1,-2.8,-0.6,8.3,-2.22,5.6,5.6,1,1,1,1,1,1,1,1,1,1,1,1,1,1,1,1,1,1,1,1,1,1
2023,12,20,0,0,0,2023-12-20,0,0.3,0,0,0,0,0,0,0,0.3,0,0,0,0,0,20,15.9,16.1,16,15.6,15.56,17.2,16.1,0.56,0.8,-0.8,-1.3,9.4,-1.11,8.3,6.1,1,1,1,1,1,1,1,1,1,1,1,1,1,1,1,1,1,1,1,1,1,1
2023,12,21,0,0,0,2023-12-21,0,0,0,0,0,0,0.3,0,0,0,0,0,0,0.3,0,17.78,16.3,17.2,16.7,17.2,16.11,16.7,15.6,1.11,2.4,0.6,0.6,7.8,-1.67,5,6.1,1,1,1,1,1,1,1,1,1,1,1,1,1,1,1,1,1,1,1,1,1,1
2023,12,22,0,0,0,2023-12-22,1.3,0.5,0.2,0.3,0.9,0.3,0,0,0,0,0,0,0,0,0,17.78,16,16.1,17.2,13.9,16.11,11.1,16.7,3.33,1.7,-0.6,-1.7,3.9,0,2.8,6.7,1,1,1,1,1,1,1,1,1,1,1,1,1,1,1,1,1,1,1,1,1,1
2023,12,23,0,0,0,2023-12-23,0,0,0,0,0,0,0.3,0,0,0.3,0,0,0,0.3,0,15.56,14.2,17.8,16.5,14.4,15.56,13.9,13.9,-0.56,0.3,-4.4,-1.6,8.9,-4.44,6.1,4.4,1,1,1,1,1,1,1,1,1,1,1,1,1,1,1,1,1,1,1,1,1,1
2023,12,24,0,0,0,2023-12-24,0,0,0,0,0,0,0,0,0,0,0,0,0,0,0,15.56,15.3,17.8,13.9,14.4,14,11.1,15,0.56,-0.3,-3.3,-3,8.9,-2.2,3.9,1.7,1,1,1,1,1,1,1,1,1,1,1,1,1,1,1,1,1,1,1,1,1,1
2023,12,25,0,0,0,2023-12-25,0,5.6,0,11.4,1,0,25.2,0,16.3,31.2,19.3,0,0,27.9,19.3,12.22,16,12.2,12.8,10,14.44,6.7,12.2,6.67,0.2,8.9,2.8,6.1,8.33,3.3,6.7,1,1,1,1,1,1,1,1,1,1,1,1,1,1,1,1,1,1,1,1,1,1
2023,12,26,0,0,0,2023-12-26,29.4,32.5,21.2,5.1,30.2,21.9,2.8,24.1,3.1,1.5,0.3,21.5,18.5,28.4,5.1,15.56,11.5,11.2,12.8,11.1,12.22,5.6,14.4,5,8.1,8.4,4.6,6.7,7.22,3.3,7.2,1,1,1,1,1,1,1,1,1,1,1,1,1,1,1,1,1,1,1,1,1,1
2023,12,27,0,0,0,2023-12-27,1.4,0.3,0.8,0,0.3,1.2,0.3,0,0,0,0,0,0,0,0,15.56,12.8,13.8,15.2,10,12.22,7.2,13.9,3.33,2.9,2.2,2.5,6.1,-0.56,1.7,4.4,1,1,1,1,1,1,1,1,1,1,1,1,1,1,1,1,1,1,1,1,1,1
2023,12,28,0,0,0,2023-12-28,0,0,0,0,0,0,0,0,0,0,0,0,0,0,0,17.22,12.1,12.5,14,11.1,13.33,10.6,14.4,3.33,1.7,1,1.4,6.7,-1.67,3.3,7.2,1,1,1,1,1,1,1,1,1,1,1,1,1,1,1,1,1,1,1,1,1,1
2023,12,29,0,0,0,2023-12-29,0,0,0,0,0,0,0,0,0,0.3,0,0,0,0.3,0,19.44,14.6,14.8,15.1,16.7,15,15,16.7,1.11,0.6,-0.9,-0.1,7.2,-3.33,6.1,5,1,1,1,1,1,1,1,1,1,1,1,1,1,1,1,1,1,1,1,1,1,1
2023,12,30,0,0,0,2023-12-30,0,0.3,0,5.3,0,0,5.3,0,3.8,3.8,3,0,0,3.8,0,15,15,15.6,17.1,12.2,12.78,10.6,12.8,0.56,-0.9,-1.9,-1.9,6.1,-1.67,2.2,3.9,1,1,1,1,1,1,1,1,1,1,1,1,1,1,1,1,1,1,1,1,1,1
2023,12,31,0,0,0,2023-12-31,10.9,8.4,7.1,0.3,9.9,5.3,0,3.8,0,0,0,5.1,0,4.1,6.9,15.56,13,13.9,13.7,12.8,12.78,9.4,15,5.56,0.5,-0.9,-1.5,5.6,0,1.7,6.7,1,1,1,1,1,1,1,1,1,1,1,1,1,1,1,1,1,1,1,1,1,1
2024,1,1,0,0,0,2024-01-01,0,0.3,0.3,3.8,0,0,2.3,0,1.8,2.3,1,1.8,0,1.3,0,15,13.3,15.6,15,12.2,12.78,12.2,14.4,2.78,1.7,0.6,-1.1,6.1,0,4.4,5,1,1,1,1,1,1,1,1,1,1,1,1,1,1,1,1,1,1,1,1,1,1
2024,1,2,0,0,0,2024-01-02,7.9,5.3,5.1,0.8,7.6,4.4,0,4.3,2,1.8,3.6,2,3.6,4.8,6.4,12.22,14,12.8,12.2,8.3,12.22,6.1,11.7,8.89,1.9,8.3,8.3,6.7,7.22,3.9,8.3,1,1,1,1,1,1,1,1,1,1,1,1,1,1,1,1,1,1,1,1,1,1
2024,1,3,0,0,0,2024-01-03,2,2.8,1.1,1.8,1.8,1.2,0.3,0.8,0.8,0.3,0.5,0.5,0,0,0,15.56,11.7,15,14.4,8.9,12.78,7.2,13.3,8.89,8.1,8.3,7.8,6.7,8.33,5.6,8.3,1,1,1,1,1,1,1,1,1,1,1,1,1,1,1,1,1,1,1,1,1,1
2024,1,4,0,0,0,2024-01-04,9,25.9,11.1,15.2,11.2,8.8,27.2,24.1,22.4,33.8,20.1,7.7,11.4,9.1,32,16.11,13.2,15.6,15,9.4,12.78,7.2,13.3,5,8.8,2.8,1.7,5.6,8.89,2.2,6.7,1,1,1,1,1,1,1,1,1,1,1,1,1,1,1,1,1,1,1,1,1,1
2024,1,5,0,0,0,2024-01-05,17.5,0.5,13.5,0,13,15.6,0.3,2.5,0,0.3,0,0,0.8,0.5,0,16.67,12.9,14.4,15,12.2,12.78,10.6,13.9,2.22,4.4,3.3,0.6,4.4,0.56,2.2,4.4,1,1,1,1,1,1,1,1,1,1,1,1,1,1,1,1,1,1,1,1,1,1
2024,1,6,0,0,0,2024-01-06,0,9.9,0,11.7,0.3,0,7.4,0,5.8,5.6,6.9,6.1,0,3.3,0,11.67,12.7,10.6,14.2,9.4,12.78,7.8,10.6,3.33,2.7,1.1,1.8,5,1.11,2.8,5.6,1,1,1,1,1,1,1,1,1,1,1,1,1,1,1,1,1,1,1,1,1,1
2024,1,7,0,0,0,2024-01-07,14.3,0,12.4,4.6,13.5,9.6,3.1,7.9,0.8,1.5,0,0.8,7.9,0.8,0.8,15.56,9.1,13.9,11.4,13.9,11.67,10.6,14.4,5,3.5,3.3,2.5,6.7,4.44,3.9,6.7,1,1,1,1,1,1,1,1,1,1,1,1,1,1,1,1,1,1,1,1,1,1
2024,1,8,0,0,0,2024-01-08,15.7,12.2,10.6,6.4,14.5,8.8,3.8,6.1,5.3,3.6,5.3,4.6,6.6,20.1,6.4,16.67,12.7,16.1,14,12.2,14.44,7.8,15,3.89,5.3,0.6,6.2,6.7,7.78,3.3,7.8,1,1,1,1,1,1,1,1,1,1,1,1,1,1,1,1,1,1,1,1,1,1
2024,1,9,0,0,0,2024-01-09,0.9,0.3,0.2,0,0,1.2,0,0.8,0,0.3,0,0,0,14.7,0,17.22,14,17.2,15.5,13.3,14.44,12.2,15.6,2.22,1.6,-1.1,2.2,7.2,-2.22,4.4,6.1,1,1,1,1,1,1,1,1,1,1,1,1,1,1,1,1,1,1,1,1,1,1
2024,1,10,0,0,0,2024-01-10,3.2,1.3,1.7,2,2.5,1,0.8,0,1,0.3,0,0,0,0.3,0.5,12.78,14.7,13.3,15.9,11.1,13.89,8.9,10.6,3.89,0.8,1.7,0.3,5.6,4.44,4.4,6.7,1,1,1,1,1,1,1,1,1,1,1,1,1,1,1,1,1,1,1,1,1,1
2024,1,11,0,0,0,2024-01-11,0.9,0,0.2,0,0.8,0.4,0,0.3,0,0,0,0,0,0,0,17.78,11.8,17.2,16.1,12.2,14.44,10.6,14.4,6.67,5.2,5.6,3.9,6.1,3.89,4.4,6.7,1,1,1,1,1,1,1,1,1,1,1,1,1,1,1,1,1,1,1,1,1,1
2024,1,12,0,0,0,2024-01-12,0.9,7.1,0.7,3.6,0.8,0.3,0.5,0,0,0,0,0,0,0,0,13.89,14.3,12.8,13.9,11.1,13.89,8.9,13.3,7.78,6.6,6.1,5.6,8.3,6.11,5.6,8.3,1,1,1,1,1,1,1,1,1,1,1,1,1,1,1,1,1,1,1,1,1,1
2024,1,13,0,0,0,2024-01-13,20.4,16,9.5,2.5,12.4,7.6,0.5,1.5,0.8,0.3,0,0,3.3,0.5,1.8,18.89,11.7,12.2,19.4,15.6,16.67,12.8,17.8,10.56,7.9,7.7,7.8,11.1,10,9.4,11.1,1,1,1,1,1,1,1,1,1,1,1,1,1,1,1,1,1,1,1,1,1,1
2024,1,14,0,0,0,2024-01-14,2.2,0.3,0.8,0,0.5,1.1,0,0,0,0.3,0.3,0,1,0.3,0.5,23.33,16.5,17.3,20,20.6,18.33,21.7,19.4,7.78,10.2,10,4.4,12.2,3.33,11.7,8.9,1,1,1,1,1,1,1,1,1,1,1,1,1,1,1,1,1,1,1,1,1,1
2024,1,15,0,0,0,2024-01-15,0,0,0,0,0,0,0.3,0,0,0.3,0.3,0,0,0,0,22.78,19.9,20.2,22.2,21.1,18.33,18.9,21.1,6.11,6.3,4.8,2.8,16.1,2.22,13.9,10.6,1,1,1,1,1,1,1,1,1,1,1,1,1,1,1,1,1,1,1,1,1,1
2024,1,16,0,0,0,2024-01-16,0,0,0,0,0,0,0,0,0,0,0,0,0,0,0,23.33,19.7,20.4,21.7,22.2,21.67,20.6,21.7,7.22,6.2,4,2.8,16.7,3.33,13.9,12.2,1,1,1,1,1,1,1,1,1,1,1,1,1,1,1,1,1,1,1,1,1,1
2024,1,17,0,0,0,2024-01-17,0,0.3,0,0,0,0,0.3,0,0,0,0,0,0,19.3,0,26.67,23,23.2,23.3,25.6,24.44,23.9,23.9,7.78,7.5,5.5,1.7,17.2,3.33,15,9.4,1,1,1,1,1,1,1,1,1,1,1,1,1,1,1,1,1,1,1,1,1,1
2024,1,18,0,0,0,2024-01-18,0,0,0,0,0,0,0,0,0,0,0,0,0,0,0,27.22,24.6,25.1,25.6,20.6,26.11,19.4,25,10.56,6.7,4.3,3.3,12.2,7.22,8.9,15.6,1,1,1,1,1,1,1,1,1,1,1,1,1,1,1,1,1,1,1,1,1,1
2024,1,19,0,0,0,2024-01-19,0,0,0,0,0,0,0,0,0,0,0,0,0,0,0,20.56,25,25.1,18.3,14.4,25,11.1,17.8,7.78,5.3,3.7,3.3,7.2,7.22,5,11.7,1,1,1,1,1,1,1,1,1,1,1,1,1,1,1,1,1,1,1,1,1,1
2024,1,20,0,0,0,2024-01-20,0,0,0,0,0,0,0,0,0,0,0,0,0,0,0,21.11,18.6,19.4,21.1,16.1,18.33,13.9,18.9,2.22,2.3,-2.8,-1.7,10,-0.56,6.7,8.9,1,1,1,1,1,1,1,1,1,1,1,1,1,1,1,1,1,1,1,1,1,1
2024,1,21,0,0,0,2024-01-21,0,0,0,0,0,0,0.5,0,0,0,0,0,0,0,0,17.78,18,17.2,15.6,13.9,16.67,15,15,0,0.8,-3.3,-3.3,3.9,-2.22,3.9,6.1,1,1,1,1,1,1,1,1,1,1,1,1,1,1,1,1,1,1,1,1,1,1
2024,1,22,0,0,0,2024-01-22,6,2,5.1,11.4,6.1,2.7,4.8,0,8.4,8.1,6.1,5.1,8.6,2.3,6.4,14.44,16.4,14.4,12.8,7.2,15.56,4.4,11.7,5,-0.2,3.9,2.2,3.3,3.33,0.6,6.1,1,1,1,1,1,1,1,1,1,1,1,1,1,1,1,1,1,1,1,1,1,1
2024,1,23,0,0,0,2024-01-23,2.8,0,3.1,0.3,1.5,1.9,0,4.1,0,0.3,0.3,0,0,1.5,0,16.67,10.9,15.6,15.6,11.7,11.11,7.8,14.4,2.22,2.1,0,-1.1,3.9,0,2.2,5.6,1,1,1,1,1,1,1,1,1,1,1,1,1,1,1,1,1,1,1,1,1,1
2024,1,24,0,0,0,2024-01-24,0,5.1,0,0,0,0,3.6,0,4.6,3,1.8,2.3,0,21.8,2.8,9.44,14.2,7.8,9.4,8.9,11.11,10.1,8.9,0.56,0.3,-1.7,-2.8,1.1,-2.22,2.5,3.9,1,1,1,1,1,1,1,1,1,1,1,1,1,1,1,1,1,1,1,1,1,1
2024,1,25,0,0,0,2024-01-25,5.6,1.8,4.1,4.7,5.8,3.8,0.8,4.1,0,0,0,0,0,21.8,0,11.67,7,10.6,12.2,6.1,9.44,4.7,10.6,3.89,-0.1,-1.7,-1.1,0,0,-0.7,3.3,1,1,1,1,1,1,1,1,1,1,1,1,1,1,1,1,1,1,1,1,1,1
2024,1,26,0,0,0,2024-01-26,0,1.5,0,0.4,0.2,0,51.6,0,33.3,54.4,41.4,3.6,0,60.2,8.1,7.22,8.9,6.1,8.9,2.8,8.33,4.8,7.8,-2.22,-1.6,-5,-5.6,0.6,-5,-1.1,1.7,1,1,1,1,1,1,1,1,1,1,1,1,1,1,1,1,1,1,1,1,1,1
2024,1,27,0,0,0,2024-01-27,36.6,31.2,47.2,46.3,45.5,46.3,7.9,46.7,19.6,22.9,19.3,14.5,53.3,6.1,33.5,12.78,4.9,12.8,13.3,6.1,9.44,2.3,11.1,6.67,-3,3.3,5,3.9,0,-1.2,6.7,1,1,1,1,1,1,1,1,1,1,1,1,1,1,1,1,1,1,1,1,1,1
2024,1,28,0,0,0,2024-01-28,9.4,10.7,7.8,6.6,8.6,14.2,6.1,15.7,4.8,13.2,11.9,8.9,13.7,8.4,23.4,11.11,10.5,12.8,13.9,7.2,9.44,3.9,12.2,3.89,2.6,1.7,2.2,3.9,4.44,1.1,6.1,1,1,1,1,1,1,1,1,1,1,1,1,1,1,1,1,1,1,1,1,1,1
2024,1,29,0,0,0,2024-01-29,5.8,0.8,6.7,0,3.8,5.7,0.3,2.3,0,2.5,0,0,0,0.5,0,12.78,10.3,14.4,13.3,7.8,10.56,5,11.7,4.44,3.4,2.8,3.3,3.3,0,0,5,1,1,1,1,1,1,1,1,1,1,1,1,1,1,1,1,1,1,1,1,1,1
2024,1,30,0,0,0,2024-01-30,1.3,0.3,0.9,0.5,1.3,0.5,0,0.3,0,0,0,0,0,0.3,0,15.56,10.2,15,13.9,9.4,13.89,6.1,13.9,5,3.8,5.6,3.3,4.4,5,0.6,7.2,1,1,1,1,1,1,1,1,1,1,1,1,1,1,1,1,1,1,1,1,1,1
2024,1,31,0,0,0,2024-01-31,2.4,3.8,1.8,1.5,2.8,1.2,1.3,1.3,0.8,1.3,0.5,1,0,1,1.3,17.22,12.7,15.6,17.8,10.6,13.89,6.7,16.1,6.67,5.5,7.2,5,5.6,6.67,2.2,8.3,1,1,1,1,1,1,1,1,1,1,1,1,1,1,1,1,1,1,1,1,1,1
2024,2,1,0,0,0,2024-02-01,1.6,1,0.7,14.7,0.3,0.8,26.7,0,14.5,14.2,0,10.9,0,10.4,4.3,15,13.5,13.3,15,10,13.33,6.7,13.9,6.11,7,7.2,4.4,6.1,8.33,3.9,8.9,1,1,1,1,1,1,1,1,1,1,1,1,1,1,1,1,1,1,1,1,1,1
2024,2,2,0,0,0,2024-02-02,21.6,26.2,25.7,2.3,28.7,21.8,1,20.6,4.3,2.3,27.3,5.3,13.5,9.7,25.7,16.67,12.8,15,15.6,10.6,13.33,6.1,13.9,4.44,8.1,1.1,1.1,3.3,5.56,-0.6,6.7,1,1,1,1,1,1,1,1,1,1,1,1,1,1,1,1,1,1,1,1,1,1
2024,2,3,0,0,0,2024-02-03,2.8,5.6,1.5,8.1,3.6,1.8,2.3,0,2.8,1.3,0.1,0,1.3,2,3,13.89,12.6,13.3,13.3,7.2,13.33,3.9,11.1,1.67,2.4,0,-0.6,3.3,1.11,0,4.4,1,1,1,1,1,1,1,1,1,1,1,1,1,1,1,1,1,1,1,1,1,1
2024,2,4,0,0,0,2024-02-04,5,0.3,3.6,0,7.4,4,0,2.5,0,0,1.1,0,0.8,0.3,0,18.89,10.8,20,16.1,16.1,16.67,14.4,16.1,3.89,1,0,-0.6,4.4,-1.67,2.8,5.6,1,1,1,1,1,1,1,1,1,1,1,1,1,1,1,1,1,1,1,1,1,1
2024,2,5,0,0,0,2024-02-05,0,0,0,0,0,0,0,0,0,0,0,0,0,0,0,20.56,16.7,21.7,18.9,17.8,19.44,15,17.8,1.11,0.4,-2.2,-1.7,12.8,-1.67,12.2,6.1,1,1,1,1,1,1,1,1,1,1,1,1,1,1,1,1,1,1,1,1,1,1
2024,2,6,0,0,0,2024-02-06,0,0.3,0,0,0,0,0,0,0,0,0,0,0,0,0,23.33,19.9,19.7,20.6,20,21.11,21.1,20,3.33,2.1,0.1,-2.2,13.3,-1.11,13.3,7.8,1,1,1,1,1,1,1,1,1,1,1,1,1,1,1,1,1,1,1,1,1,1
2024,2,7,0,0,0,2024-02-07,0,0,0,0,0,0,0,0,0,0.3,0,0,0,0,0,22.22,21.4,22.1,20,18.3,21.11,16.7,19.4,2.22,2.6,0.8,-1.1,12.8,-1.11,11.7,7.2,1,1,1,1,1,1,1,1,1,1,1,1,1,1,1,1,1,1,1,1,1,1
2024,2,8,0,0,0,2024-02-08,0,0,0,0,0,0,0,0,0,0,0,0,0,0,0,17.22,20.5,16.7,15.6,13.9,20.56,13.9,14.4,1.67,2.4,-1.1,-1.1,8.9,0,8.9,5.6,1,1,1,1,1,1,1,1,1,1,1,1,1,1,1,1,1,1,1,1,1,1
2024,2,9,0,0,0,2024-02-09,0,0,0,0,0,0,0,0,0,0.3,0,0,0,0,0,18.33,15.6,19.4,16.7,14.4,16.11,10,15,7.78,2.4,3.9,5,7.2,4.44,5.6,7.8,1,1,1,1,1,1,1,1,1,1,1,1,1,1,1,1,1,1,1,1,1,1
2024,2,10,0,0,0,2024-02-10,0,0,0,0,0,0,0,0,0,0,0,0,1.5,0,0,20,16.5,21.1,16.7,15,18.89,13.9,16.7,3.33,5.1,1.1,2.8,6.1,2.22,5,7.2,1,1,1,1,1,1,1,1,1,1,1,1,1,1,1,1,1,1,1,1,1,1
2024,2,11,0,0,0,2024-02-11,0,9.7,0,16.8,0,0,11.9,0,13.2,13.7,0,0.4,0,16.5,14.7,10.56,19,10,16.9,9.4,18.89,8.9,10.6,6.11,3.2,3.9,3.3,5,5,2.8,7.2,1,1,1,1,1,1,1,1,1,1,1,1,1,1,1,1,1,1,1,1,1,1
2024,2,12,0,0,0,2024-02-12,21.4,11.7,18.4,0.8,22.4,18.1,3.3,14,0,0.3,13.8,0,23.6,0.3,19.1,16.11,10.4,15,16.7,11.7,13.33,6.1,14.4,5,5.5,5,3.3,5,2.78,1.7,6.7,1,1,1,1,1,1,1,1,1,1,1,1,1,1,1,1,1,1,1,1,1,1
2024,2,13,0,0,0,2024-02-13,9.2,8.9,6.2,4.8,9.9,5.2,3.1,1.8,2,1.3,1.2,1.5,7.6,2.3,8.1,16.11,13.2,15.6,16.7,11.1,13.33,5.6,15,8.33,5.4,4.4,2.2,5.6,6.11,1.1,7.2,1,1,1,1,1,1,1,1,1,1,1,1,1,1,1,1,1,1,1,1,1,1
2024,2,14,0,0,0,2024-02-14,0.7,1.5,0.1,5.8,0.5,0.9,3.1,0,3.1,3.3,0.7,2.3,0,2,3.3,13.33,13.3,11.1,13.9,7.8,11.67,5,12.2,7.22,3.9,3.3,3.3,4.4,2.22,0,6.7,1,1,1,1,1,1,1,1,1,1,1,1,1,1,1,1,1,1,1,1,1,1
2024,2,15,0,0,0,2024-02-15,14,5.6,10.4,4.1,13.5,8.1,2.5,5.3,2.5,1,5.8,0.8,9.9,0.5,0,16.67,9.5,15,17.2,11.1,13.89,7.2,15,7.78,4,6.7,8.3,5.6,7.22,2.2,7.8,1,1,1,1,1,1,1,1,1,1,1,1,1,1,1,1,1,1,1,1,1,1
2024,2,16,0,0,0,2024-02-16,2.3,0.3,1.3,0,0.3,1.9,0,1.3,0,0,2.9,0,12.7,0.3,0,17.22,13.3,16.1,16.1,12.8,13.89,6.7,15.6,6.67,3.8,0.6,0.6,3.9,0.56,0.6,6.1,1,1,1,1,1,1,1,1,1,1,1,1,1,1,1,1,1,1,1,1,1,1
2024,2,17,0,0,0,2024-02-17,0,0,0,0,0,0,0,0,0,0,0,0,0,0,0,20,13.9,19.4,18.9,14.4,16.67,11.1,17.2,5,1.7,-1.7,-0.6,6.1,-1.11,2.8,5.6,1,1,1,1,1,1,1,1,1,1,1,1,1,1,1,1,1,1,1,1,1,1
2024,2,18,0,0,0,2024-02-18,0,0,0,4.1,0,0,1.8,0,1.3,1.5,0,1.5,0,1,0,17.22,16.2,16.1,16.1,11.7,16.67,9.4,15.6,3.33,0.5,0.6,-0.6,5,1.67,2.8,7.2,1,1,1,1,1,1,1,1,1,1,1,1,1,1,1,1,1,1,1,1,1,1
2024,2,19,0,0,0,2024-02-19,11.4,9.1,9,4.3,11.4,6.6,3.8,2.5,2.5,2,4,3.6,2.5,6.4,0,17.22,14.9,15.6,16,12.8,15,6.1,14.4,7.78,3.6,6.7,0.6,4.4,7.22,1.7,7.8,1,1,1,1,1,1,1,1,1,1,1,1,1,1,1,1,1,1,1,1,1,1
2024,2,20,0,0,0,2024-02-20,10.9,14,9.9,8.5,16,7.3,4.8,4.8,1.8,1,3.4,1.8,2.8,1.5,2.3,16.67,13,16.1,15.6,11.7,13.89,7.8,15.6,5,5.2,3.3,5.8,3.3,4.44,1,5.6,1,1,1,1,1,1,1,1,1,1,1,1,1,1,1,1,1,1,1,1,1,1
2024,2,21,0,0,0,2024-02-21,0.4,0,0,0,0.2,0.5,0,0,0,0,0,0,0,0,0,21.67,13.9,14.2,20.6,16.7,18.33,11.7,19.4,6.67,2.9,1.9,0,7.2,0,3.3,6.1,1,1,1,1,1,1,1,1,1,1,1,1,1,1,1,1,1,1,1,1,1,1
2024,2,22,0,0,0,2024-02-22,0,0,0,0,0,0,0,0,0,0,0,0,0,0,0,25.56,17.6,17.8,22.2,20,22.78,19.4,21.7,5.56,2.3,0.9,1.1,13.3,2.78,11.1,10,1,1,1,1,1,1,1,1,1,1,1,1,1,1,1,1,1,1,1,1,1,1
2024,2,23,0,0,0,2024-02-23,0,0,0,0,0,0,0,0,0,0,0,0,0,0,0,27.22,22.8,23.1,22,21.7,23.89,18.9,25.6,9.44,4.8,3.7,2.7,14.4,2.22,8.9,12.8,1,1,1,1,1,1,1,1,1,1,1,1,1,1,1,1,1,1,1,1,1,1
2024,2,24,0,0,0,2024-02-24,0,0,0,0,0,0,0,0,0,0,0,0,0,0,0,23.89,22.9,22.2,25.2,17.2,23.89,15.6,21.1,7.78,4.1,-1.7,3.6,9.4,0,6.1,10,1,1,1,1,1,1,1,1,1,1,1,1,1,1,1,1,1,1,1,1,1,1
2024,2,25,0,0,0,2024-02-25,0,0,0,0,0,0,0,0,0,0,0,0,0,0,0,23.33,20,22.2,21.7,18.3,22.22,15.9,18.9,3.33,2.1,-2.2,2,9.4,-1.11,5.6,9.4,1,1,1,1,1,1,1,1,1,1,1,1,1,1,1,1,1,1,1,1,1,1
2024,2,26,0,0,0,2024-02-26,0,0,0,0,0,0,0,0,0,0,0,0,0,0,0,18.33,20.4,16.7,19.5,13.3,22.22,10,17.2,8.33,1,1.7,1,5.6,0,-0.6,6.7,1,1,1,1,1,1,1,1,1,1,1,1,1,1,1,1,1,1,1,1,1,1
2024,2,27,0,0,0,2024-02-27,0,0,0,0,0,0,0,0,0,0,0,0,0,0,0,17.78,14.5,16.7,18.3,12.8,16.11,8.3,16.7,6.67,2.4,0,0.9,3.3,-1.11,-1.7,4.4,1,1,1,1,1,1,1,1,1,1,1,1,1,1,1,1,1,1,1,1,1,1
2024,2,28,0,0,0,2024-02-28,0,0,0,0,0,0,0,0,0,0,0,0,0,0,0,22.22,14.5,22.2,21.1,16.7,20.56,15.6,20,6.11,1.7,-1.7,0.6,8.9,-1.11,7.2,6.7,1,1,1,1,1,1,1,1,1,1,1,1,1,1,1,1,1,1,1,1,1,1
2024,3,1,0,0,0,2024-03-01,0,0,0,0,0,0,0,0,0,0,0,0,0,0,0,19.44,20.4,17.8,18.3,13.3,19.5,11.7,17.8,1.67,0.9,-1.7,-2.2,8.9,-0.8,4.4,7.2,1,1,1,1,1,1,1,1,1,1,1,1,1,1,1,1,1,1,1,1,1,1
2024,3,2,0,0,0,2024-03-02,0,0,0,0,0,0,0,0,0,0,0,0,0,0,0,21.11,17.1,17.2,19.4,16.1,21.11,15,17.8,1.67,1.7,0,-2.2,11.1,-1.11,6.1,5.6,1,1,1,1,1,1,1,1,1,1,1,1,1,1,1,1,1,1,1,1,1,1
2024,3,3,0,0,0,2024-03-03,0,0,0,0,0,0,0,0,0,0,0,0,0,0,0,21.67,20.5,21.7,18.9,16.7,21.11,13.9,17.8,3.89,0.6,-1.7,-1.1,3.3,-0.56,5.6,7.8,1,1,1,1,1,1,1,1,1,1,1,1,1,1,1,1,1,1,1,1,1,1
2024,3,4,0,0,0,2024-03-04,0,0,0,0,0,0,0,0,0,0,0,0,0,0,0,17.22,19.8,16.1,16.1,12.2,17.78,11.1,15.6,5,0.7,2.8,1.1,2.8,-1.11,2.8,7.8,1,1,1,1,1,1,1,1,1,1,1,1,1,1,1,1,1,1,1,1,1,1
2024,3,5,0,0,0,2024-03-05,0,0,0,0,0,0,18.3,0,12.5,12.7,0,7.4,0,3.3,0,17.78,15.4,16.7,17.2,12.8,14.3,13.2,16.1,3.89,1.5,2.8,-0.6,3.3,-0.2,2.9,6.1,1,1,1,1,1,1,1,1,1,1,1,1,1,1,1,1,1,1,1,1,1,1
2024,3,6,0,0,0,2024-03-06,22.4,20.6,20.6,18.9,24.9,17.5,0.5,14,0.5,0.5,8.2,0.5,13.5,3.6,8.6,17.78,15.8,16.7,15.6,12.2,17.22,12.7,15,4.44,3.8,2.2,0,2.2,2.78,1.4,5,1,1,1,1,1,1,1,1,1,1,1,1,1,1,1,1,1,1,1,1,1,1
2024,3,7,0,0,0,2024-03-07,0,0,0,0,0,0,0,0,0,0,0,0,0,0,0,19.44,14.3,18.3,17.2,15,16.67,10.6,16.1,1.11,0.8,-1.7,-2.2,4.4,-1.67,0.6,4.4,1,1,1,1,1,1,1,1,1,1,1,1,1,1,1,1,1,1,1,1,1,1
2024,3,8,0,0,0,2024-03-08,0,1.3,0,3.3,0,0,1,0,6.4,1,0,0,0,1,0,11.67,15.3,11.7,12.8,6.7,16.67,2.8,10.6,2.22,0.5,0,-0.6,1.1,0.56,-1.1,4.4,1,1,1,1,1,1,1,1,1,1,1,1,1,1,1,1,1,1,1,1,1,1
2024,3,9,0,0,0,2024-03-09,8.7,9.9,5.7,6.6,5.6,5.3,26.7,7.1,20.1,11.2,3.3,13.2,3.3,8.6,2.8,11.67,9.8,11.7,13.3,6.7,10,4.9,11.1,3.89,1.9,2.8,0.6,1.1,3.33,1.5,5,1,1,1,1,1,1,1,1,1,1,1,1,1,1,1,1,1,1,1,1,1,1
2024,3,10,0,0,0,2024-03-10,17.1,18.5,19.6,18.3,21.8,18.4,13.5,11.4,8.4,11.4,21.2,7.4,17.5,8.6,15.5,8.33,9.7,10,12.8,5.6,10,4.6,10.6,4.44,2.5,1.7,2.2,1.1,1.67,0.6,5,1,1,1,1,1,1,1,1,1,1,1,1,1,1,1,1,1,1,1,1,1,1
2024,3,11,0,0,0,2024-03-11,7.8,1.5,7.2,1,4.3,7.1,0,8.1,0,0.3,8.9,0,4.3,0.3,0.5,16.67,7.5,15.6,15.6,10.6,14.44,6.1,13.9,2.22,2.1,1.7,0.6,1.7,-0.56,-1.1,4.4,1,1,1,1,1,1,1,1,1,1,1,1,1,1,1,1,1,1,1,1,1,1
2024,3,12,0,0,0,2024-03-12,0,0,0,0,0,0,0,0,0,0,0,0,0,0,0,23.89,13.5,22.2,22.2,17.2,20.56,13.9,20.6,6.67,1.1,-1.7,-1.7,7.2,-1.11,6.1,6.1,1,1,1,1,1,1,1,1,1,1,1,1,1,1,1,1,1,1,1,1,1,1
2024,3,13,0,0,0,2024-03-13,0,0,0,0,0,0,0,0,0,0,0,0,0,0,0,18.33,20.1,18.9,15.6,13.9,20,11.7,14.4,2.78,0.8,-1.7,-0.6,3.3,0,0,5.6,1,1,1,1,1,1,1,1,1,1,1,1,1,1,1,1,1,1,1,1,1,1
2024,3,14,0,0,0,2024-03-14,0,7.4,0,0,0,0,14.7,0,14.5,17,0,10.2,0,12.2,0,10.56,17.4,10,11.7,5.6,17.22,14.7,10,5.56,1.7,2.8,3.9,1.1,3.89,2.8,3.9,1,1,1,1,1,1,1,1,1,1,1,1,1,1,1,1,1,1,1,1,1,1
2024,3,15,0,0,0,2024-03-15,16.2,9.1,13.5,15.4,14,12.6,1,14,0,0.3,11.7,0,18,0.3,13.6,13.89,8.7,12.8,13.9,8.9,14.44,5.3,11.1,2.78,3.1,0,0,0.6,-0.56,0.6,3.3,1,1,1,1,1,1,1,1,1,1,1,1,1,1,1,1,1,1,1,1,1,1
2024,3,16,0,0,0,2024-03-16,0,0.3,0,0,0,0,0,0,0,0,0,0,0,0,0,16.67,11.5,11.5,15,11.1,14.44,9.4,13.9,0.56,-0.3,-1.4,-2.8,2.8,-2.78,0.6,3.3,1,1,1,1,1,1,1,1,1,1,1,1,1,1,1,1,1,1,1,1,1,1
2024,3,17,0,0,0,2024-03-17,0,3,0,0,0,0,0,0,0,0,0,0,0,0,0,13.33,15,13.3,12.8,8.3,15.56,8.9,11.1,2.22,-1.2,0,-1.7,2.8,4.44,1.7,3.3,1,1,1,1,1,1,1,1,1,1,1,1,1,1,1,1,1,1,1,1,1,1
2024,3,18,0,0,0,2024-03-18,4.4,7.4,2.8,6.1,2.3,3,10.7,5.1,11.2,22.6,1.4,2.5,7.6,31.8,4.3,11.67,13.6,12.2,12.2,7.8,15.56,6.1,10.6,7.22,1.3,7.2,5.6,4.4,6.11,1.1,6.7,1,1,1,1,1,1,1,1,1,1,1,1,1,1,1,1,1,1,1,1,1,1
2024,3,19,0,0,0,2024-03-19,8.4,2.8,9,0,6.4,9.9,0.5,8.9,0.5,0.5,21.2,0,2.8,2.5,42.3,17.22,11.1,16.7,16.1,11.7,12.22,7.2,14.4,6.11,7,2.2,4.4,4.4,6.11,0.6,6.7,1,1,1,1,1,1,1,1,1,1,1,1,1,1,1,1,1,1,1,1,1,1
2024,3,20,0,0,0,2024-03-20,1.2,0.3,1.7,0,1,0.6,0,0,0,0,0.6,0,0,0,0,17.22,13.4,15.6,16.1,11.7,15.56,7.2,15,2.22,3.2,1.1,-0.6,2.8,0,-0.6,4.4,1,1,1,1,1,1,1,1,1,1,1,1,1,1,1,1,1,1,1,1,1,1
2024,3,21,0,0,0,2024-03-21,0.5,0,0,0,0.3,0,0,0,0,0,0.2,0,0,0,0,20.56,14.3,18.9,18.9,15.6,18.33,10,18.3,6.67,1.9,-1.1,-0.6,5.6,-1.11,3.9,6.1,1,1,1,1,1,1,1,1,1,1,1,1,1,1,1,1,1,1,1,1,1,1
2024,3,22,0,0,0,2024-03-22,0,0,0,0,0,0,0,0,0,0,0,0,0,0,0,19.44,16.7,17.8,18.9,13.9,18.33,8.9,17.8,7.78,1,3.3,-0.6,3.9,2.22,1.7,6.1,1,1,1,1,1,1,1,1,1,1,1,1,1,1,1,1,1,1,1,1,1,1
2024,3,23,0,0,0,2024-03-23,0,0,0,0,0,0,0,0,0,0,0,0,0,0,0,21.67,16,21.1,18.4,14.4,20.56,13.9,17.8,6.67,3.9,1.7,0.7,3.3,0,0.6,6.1,1,1,1,1,1,1,1,1,1,1,1,1,1,1,1,1,1,1,1,1,1,1
2024,3,24,0,0,0,2024-03-24,0,0,0,0,0,0,0,0,0,0,0,0,0,0,0,22.78,19.4,22.2,18.9,17.8,21.11,14.4,18.9,4.44,2.2,-0.6,4.6,7.2,0.56,1.7,9.4,1,1,1,1,1,1,1,1,1,1,1,1,1,1,1,1,1,1,1,1,1,1
2024,3,25,0,0,0,2024-03-25,0,0,0,0,0,0,0,0,0,0,0,0,0,0,0,19.44,20.2,17.8,19.6,14.4,21.11,9.4,17.8,8.33,1.8,3.3,3.5,5,1.11,1.1,7.8,1,1,1,1,1,1,1,1,1,1,1,1,1,1,1,1,1,1,1,1,1,1
2024,3,26,0,0,0,2024-03-26,0,0,0,0,0,0,0,0,0,0,0,0,0,0,0,26.11,15.6,25,17.8,20,14.8,17.2,22.8,5,2.1,-1.7,3.2,6.7,0.9,5.6,10,1,1,1,1,1,1,1,1,1,1,1,1,1,1,1,1,1,1,1,1,1,1
2024,3,27,0,0,0,2024-03-27,0,0,0,0,0,0,0,0,0,0,0,0,0,0,0,26.11,22.1,22.7,22.5,20.6,26.11,20,22.8,3.89,2,0.2,1.2,14.4,2.22,12.8,9.4,1,1,1,1,1,1,1,1,1,1,1,1,1,1,1,1,1,1,1,1,1,1
2024,3,28,0,0,0,2024-03-28,0,0,0,0,0,0,0,0,0,0,0,0,0,0,0,26.67,26,26,23,21.1,26.11,20,22.2,3.89,4.5,2.4,0.9,12.2,3.33,10.6,7.2,1,1,1,1,1,1,1,1,1,1,1,1,1,1,1,1,1,1,1,1,1,1
2024,3,29,0,0,0,2024-03-29,0,0,0,0,0,0,0,0,0,0,0,0,0,0,0,22.78,25.3,25,22.4,18.3,26.11,17.2,18.9,3.33,4.3,1.1,0.8,9.4,2.22,5.6,6.7,1,1,1,1,1,1,1,1,1,1,1,1,1,1,1,1,1,1,1,1,1,1
2024,3,30,0,0,0,2024-03-30,0,0,0,0,0,0,0,0,0,0,0,0,0,0,0,28.89,21.4,21.7,19.5,21.7,27.78,20.6,25.6,4.44,4.6,2.5,1,13.3,1.11,9.4,11.1,1,1,1,1,1,1,1,1,1,1,1,1,1,1,1,1,1,1,1,1,1,1
2024,3,31,0,0,0,2024-03-31,0,0,0,0,0,0,0,0,0,0,0,0,0,0,0,29.44,26.8,26.5,26,23.3,27.78,20.6,26.7,7.78,3.9,1.5,0.6,15.6,6.11,10.6,16.1,1,1,1,1,1,1,1,1,1,1,1,1,1,1,1,1,1,1,1,1,1,1
2024,4,1,0,0,0,2024-04-01,0,0,0,0,0,0,0,0,0,0,0,0,0,0,0,29.44,26.9,27.8,27.8,23.3,27.78,21.7,27.2,6.11,5.4,1.1,0.6,15.6,3.33,13.3,12.2,1,1,1,1,1,1,1,1,1,1,1,1,1,1,1,1,1,1,1,1,1,1
2024,4,2,0,0,0,2024-04-02,0,0,0,0,0,0,0,0,0,0,0,0,0,0,0,22.78,27.3,24.4,17.8,18.9,27.78,20,17.8,3.33,4.8,0.6,1.1,5,1.67,11.7,6.1,1,1,1,1,1,1,1,1,1,1,1,1,1,1,1,1,1,1,1,1,1,1
2024,4,3,0,0,0,2024-04-03,0,0,0,0,0,0,0,0,0,0,0,0,0,0,0,18.89,25.1,19.4,15.6,12.8,26.67,16.1,14.4,7.78,3.1,7.2,3.9,3.3,3.33,2.8,7.8,1,1,1,1,1,1,1,1,1,1,1,1,1,1,1,1,1,1,1,1,1,1
2024,4,4,0,0,0,2024-04-04,0,0,0,0.3,0,0,0,0,0,0,0,0,0,0,0,19.44,19.1,21.7,16.7,14.4,20,14.4,17.2,7.78,6.3,4.4,2.2,5.6,7.78,2.2,7.2,1,1,1,1,1,1,1,1,1,1,1,1,1,1,1,1,1,1,1,1,1,1
2024,4,5,0,0,0,2024-04-05,0,0,0,0,0,0,0,0,0,0,0,0,0,0,0,19.44,19.4,23.9,16.1,15.6,21.11,15.6,15.6,5.56,4.9,3.3,1.1,3.9,5,5.6,6.1,1,1,1,1,1,1,1,1,1,1,1,1,1,1,1,1,1,1,1,1,1,1
2024,4,6,0,0,0,2024-04-06,0,0,0,0,0,0,0,0,0,0,0,0,0,0,0,21.11,20.7,23.9,17.8,17.2,24.44,19.4,16.1,6.67,4.5,3.9,1.7,6.1,3.33,9.4,6.7,1,1,1,1,1,1,1,1,1,1,1,1,1,1,1,1,1,1,1,1,1,1
2024,4,7,0,0,0,2024-04-07,0,0,0,0,0,0,0,0,0,0,0,0,0,0.1,0,19.44,23.5,20.6,16.7,15.6,24.44,13.3,15.6,6.67,3.7,1.7,1.1,3.3,2.22,4.4,6.7,1,1,1,1,1,1,1,1,1,1,1,1,1,1,1,1,1,1,1,1,1,1
2024,4,8,0,0,0,2024-04-08,0,0,0,0,0,0,0,0,0,0,0,0,0,0,0,24.44,18.9,23.9,20,20,22.22,15,20.6,2.78,3,4.4,-1.7,7.2,1.11,7.8,5,1,1,1,1,1,1,1,1,1,1,1,1,1,1,1,1,1,1,1,1,1,1
2024,4,9,0,0,0,2024-04-09,0,0,0,0,0,0,0,0,0,0,0,0,0,0,0,22.78,21.4,22.8,20,18.3,22.22,16.1,18.3,5,3,2.8,-0.6,6.1,2.22,6.7,6.7,1,1,1,1,1,1,1,1,1,1,1,1,1,1,1,1,1,1,1,1,1,1
2024,4,10,0,0,0,2024-04-10,0,0,0,0,0,0,0,0,0,0,0,0,0,0,0,27.22,20.2,24.4,22.2,21.7,25,17.2,23.3,4.44,3.7,2.2,-1.1,3.9,2.22,8.3,5.6,1,1,1,1,1,1,1,1,1,1,1,1,1,1,1,1,1,1,1,1,1,1
2024,4,11,0,0,0,2024-04-11,0,0,0,0,0,0,0,0,0,0,0,0,0,0,0,26.11,22.4,28.9,21.7,21.7,27.22,21.7,21.7,6.67,3.2,2.2,-1.1,8.9,2.22,12.8,6.7,1,1,1,1,1,1,1,1,1,1,1,1,1,1,1,1,1,1,1,1,1,1
2024,4,12,0,0,0,2024-04-12,0,0,0,0,0,0,0,0,0,0,0,0,0,0,0,26.11,25.6,27.2,21.1,21.1,27.22,21.1,22.2,4.44,3.2,2.8,0,10.6,3.89,10.6,6.7,1,1,1,1,1,1,1,1,1,1,1,1,1,1,1,1,1,1,1,1,1,1
2024,4,13,0,0,0,2024-04-13,0,0,0,0,0,0,0,0,0,0,0,0,0,0,0,23.33,27,24.4,16.7,19.4,27.22,15.6,20,6.11,6.4,1.7,1.7,7.2,2.78,7.2,6.7,1,1,1,1,1,1,1,1,1,1,1,1,1,1,1,1,1,1,1,1,1,1
2024,4,14,0,0,0,2024-04-14,0,0,0,0,0,0,0,0,0,0,0,0,0,0,0,22.22,22.5,22.2,18.3,18.3,20.6,15.6,18.3,3.89,3.5,0.6,-0.6,7.8,3.1,8.3,6.7,1,1,1,1,1,1,1,1,1,1,1,1,1,1,1,1,1,1,1,1,1,1
2024,4,15,0,0,0,2024-04-15,0,0,0,0,0,0,0,0,0,0,0,0,0,0,0,21.11,21.3,22.2,17.2,16.7,23.89,17.2,17.8,7.78,2.9,3.3,0.6,6.7,1.11,7.8,6.1,1,1,1,1,1,1,1,1,1,1,1,1,1,1,1,1,1,1,1,1,1,1
2024,4,16,0,0,0,2024-04-16,0,0,0,0,0,0,0,0,0,0,0,0,0,0,0,21.11,22.8,27.2,17.2,18.9,26.67,18.9,17.8,5.56,2.6,1.1,-0.6,10.6,2.78,11.7,5.6,1,1,1,1,1,1,1,1,1,1,1,1,1,1,1,1,1,1,1,1,1,1
2024,4,17,0,0,0,2024-04-17,0,0,0,0,0,0,0,0,0,0,0,0,0,0,0,30,25.2,28.9,23.9,24.4,29.44,22.2,23.9,6.11,3.8,2.2,1.1,12.8,3.33,13.3,6.7,1,1,1,1,1,1,1,1,1,1,1,1,1,1,1,1,1,1,1,1,1,1
2024,4,18,0,0,0,2024-04-18,0,0,0,0,0,0,0,0,0,0,0,0,0,0,0,32.78,27.4,30.6,29.4,27.2,29.44,22.2,30,7.78,5.8,2.2,0,17.8,3.33,15.6,9.4,1,1,1,1,1,1,1,1,1,1,1,1,1,1,1,1,1,1,1,1,1,1
2024,4,19,0,0,0,2024-04-19,0,0,0,0,0,0,0,0,0,0,0,0,0,0,0,27.78,29.1,26.7,23.9,25,29.44,19.4,23.3,7.22,5.5,3.3,2.8,15,5,9.4,7.2,1,1,1,1,1,1,1,1,1,1,1,1,1,1,1,1,1,1,1,1,1,1
2024,4,20,0,0,0,2024-04-20,0,0,0,0,0,0,0,0,0,0,0,0,0,0,0,22.78,25,21.7,22.8,19.4,25.56,15.6,23.3,11.67,6.3,5,1.1,8.9,3.33,5.6,8.9,1,1,1,1,1,1,1,1,1,1,1,1,1,1,1,1,1,1,1,1,1,1
2024,4,21,0,0,0,2024-04-21,0,0,0,0,0,0.5,0,0,0,0,0,0,0,0,0,22.78,19.9,26.7,20,19.4,19.4,19.4,21.7,7.22,6.2,3.3,1.1,8.9,3.9,12.2,7.8,1,1,1,1,1,1,1,1,1,1,1,1,1,1,1,1,1,1,1,1,1,1
2024,4,22,0,0,0,2024-04-22,0,0,0,0,0,0,0,0,0,0,0,0,0,0,0,17.22,25.3,22.8,14.4,15,25.56,20,15,8.33,6.1,3.3,4.4,4.4,4.44,10,7.2,1,1,1,1,1,1,1,1,1,1,1,1,1,1,1,1,1,1,1,1,1,1
2024,4,23,0,0,0,2024-04-23,0,0,0,0,0,0,0,0,0,0,0,0,0,0,0,21.67,24.3,25,18.3,18.3,25.56,18.3,18.9,8.89,5.5,3.3,7.2,5,3.89,5,7.8,1,1,1,1,1,1,1,1,1,1,1,1,1,1,1,1,1,1,1,1,1,1
2024,4,24,0,0,0,2024-04-24,0.1,0.5,0,0,0,0,0,0,0,0,0,0,0.2,0,0,18.33,24.4,17.2,17.2,13.9,23.33,9.4,15.6,7.78,5.2,7.2,8.3,5,8.89,1.7,7.8,1,1,1,1,1,1,1,1,1,1,1,1,1,1,1,1,1,1,1,1,1,1
2024,4,25,0,0,0,2024-04-25,3.8,12.7,0.7,9.7,2,0.6,7.1,0,13.5,4.8,0,1.8,0.5,0,1.5,16.67,15.9,16.1,16.7,12.2,15.56,6.7,15,6.67,7.3,4.4,2.8,3.9,7.22,1.7,6.1,1,1,1,1,1,1,1,1,1,1,1,1,1,1,1,1,1,1,1,1,1,1
2024,4,26,0,0,0,2024-04-26,9.3,0,9.3,0,11.9,7.7,0,9.9,0,6.1,2.9,0,7.3,3.2,6,18.89,13.7,17.8,17.8,15,15.56,9.4,17.8,3.33,2.7,0,-1.7,2.8,1.11,0,5.6,1,1,1,1,1,1,1,1,1,1,1,1,1,1,1,1,1,1,1,1,1,1
2024,4,27,0,0,0,2024-04-27,0,0,0,0,0,0,0,0,0,0,0,0,0,0,0,26.67,15.7,23.9,25,21.7,23.89,17.2,25,7.78,2.2,0,-0.6,8.3,1.67,6.7,7.8,1,1,1,1,1,1,1,1,1,1,1,1,1,1,1,1,1,1,1,1,1,1
2024,4,28,0,0,0,2024-04-28,0,0,0,0,0,0,0,0,0,0,0,0,0,0,0,29.44,23,30.6,27.2,25.6,23.89,22.2,27.8,7.78,2.9,1.7,0.6,15.6,1.67,13.3,10.6,1,1,1,1,1,1,1,1,1,1,1,1,1,1,1,1,1,1,1,1,1,1
2024,4,29,0,0,0,2024-04-29,0,0,0,0,0,0,0,0,0,0,0,0,0,0,0,27.78,28.5,29,22.8,25,31.11,25.6,23.9,6.67,5.9,4.1,2.8,15.6,5,16.7,7.8,1,1,1,1,1,1,1,1,1,1,1,1,1,1,1,1,1,1,1,1,1,1
2024,4,30,0,0,0,2024-04-30,0,0,0,0,0,0,0,0,0,0,0,0,0,0,0,25.56,30.1,30,21.7,22.8,31.11,24.4,22.8,7.78,6.7,2.8,2.2,11.1,5.56,11.1,7.8,1,1,1,1,1,1,1,1,1,1,1,1,1,1,1,1,1,1,1,1,1,1
2024,5,1,0,0,0,2024-05-01,0,0,0,0,0,0,0,0,0,0,0,0,0,0,0,26.1,27.8,24.4,25.6,22.2,29.45,15,26.7,8.33,6.4,7.8,5,9.4,7.22,7.8,8.3,1,1,1,1,1,1,1,1,1,1,1,1,1,1,1,1,1,1,1,1,1,1
2024,5,2,0,0,0,2024-05-02,0,0,0,0,0,0,0,0,0,0,0,0,0,0,0,26.67,22.5,25,24.9,22.8,25,15.6,27.8,12.78,7.8,7.2,7.3,12.8,5.56,7.8,11.7,1,1,1,1,1,1,1,1,1,1,1,1,1,1,1,1,1,1,1,1,1,1
2024,5,3,0,0,0,2024-05-03,0,0,0,0,0,0,0,0,0,0,0,0,0,0,0,31.67,22.6,28.9,31.1,27.2,28.89,21.1,31.1,14.44,8.1,6.1,5.6,15,6.11,13.3,13.3,1,1,1,1,1,1,1,1,1,1,1,1,1,1,1,1,1,1,1,1,1,1
2024,5,4,0,0,0,2024-05-04,0,0,0,0,0,0,0,0,0,0,0,0,0,0,0,31.11,27.8,28.9,28.3,27.8,28.89,21.7,28.9,14.44,7.5,7.8,7.2,15,7.78,13.3,12.8,1,1,1,1,1,1,1,1,1,1,1,1,1,1,1,1,1,1,1,1,1,1
2024,5,5,0,0,0,2024-05-05,0,0,0,0,0,0,0,0,0,0,0,0,0,0,0,32.22,27.9,32.8,27.8,27.8,32.78,27.2,30,10,9,5.6,4.4,10.6,7.78,12.8,8.3,1,1,1,1,1,1,1,1,1,1,1,1,1,1,1,1,1,1,1,1,1,1
2024,5,6,0,0,0,2024-05-06,0,0,0,0,0,0,0,0,0,0,0,0.508,0,0,0,26.67,31.9,24.4,23.3,22.2,32.78,15.6,23.9,9.44,8.6,3.9,7.2,9.4,5.56,6.1,7.2,1,1,1,1,1,1,1,1,1,1,1,1,1,1,1,1,1,1,1,1,1,1
2024,5,7,0,0,0,2024-05-07,0,0,0,0,0,0,0,0,0,0,0,0,0,0,0,25.56,22.5,23.9,26.1,21.7,23.89,15.6,25.6,10.56,7.5,7.8,1.7,7.8,4.44,3.3,8.9,1,1,1,1,1,1,1,1,1,1,1,1,1,1,1,1,1,1,1,1,1,1
2024,5,8,0,0,0,2024-05-08,0,0,0,0,0,0,0,0,0,0,0,0,0,0,0,31.67,21.9,30,32.2,27.2,29.44,21.7,31.1,13.33,6.7,2.8,4.4,16.1,3.89,11.7,12.2,1,1,1,1,1,1,1,1,1,1,1,1,1,1,1,1,1,1,1,1,1,1
2024,5,9,0,0,0,2024-05-09,0,0,0,0,0,0,0,0,0,0,0,0,0,0,0,29.45,28,27.8,31.8,25.6,29.44,18.9,30,15,7,6.7,6.7,13.3,6.67,11.1,14.4,1,1,1,1,1,1,1,1,1,1,1,1,1,1,1,1,1,1,1,1,1,1
2024,5,10,0,0,0,2024-05-10,0,0,0,0,0,0,0,0,0,0,0,0,0,0,0,35,25.8,32.8,31.7,30,31.67,25,31.7,13.33,9.1,5,5,18.9,5,15,14.4,1,1,1,1,1,1,1,1,1,1,1,1,1,1,1,1,1,1,1,1,1,1
2024,5,11,0,0,0,2024-05-11,0,0,0,0,0,0,0,0,0,0,0,0,0,0,0,32.6,31.8,33.3,27.8,28.9,32.22,26.1,30,8.2,9.5,5.6,4.4,20.6,7.22,18.9,8.3,1,1,1,1,1,1,1,1,1,1,1,1,1,1,1,1,1,1,1,1,1,1
2024,5,12,0,0,0,2024-05-12,0,0,0,0,0,0,0,0,0,0,0,0,0,0,0,31.2,31.9,32.8,20,26.1,30.5,26.7,22.8,7.6,11,6.1,5,14.4,7.7,18.9,7.2,1,1,1,1,1,1,1,1,1,1,1,1,1,1,1,1,1,1,1,1,1,1
2024,5,13,0,0,0,2024-05-13,0,0,0,0,0,0,0,0,0,0,0,0,0,0,0,23.33,32.2,32.2,20.1,23.3,33.88,27.2,20.6,8.33,9.8,6.1,8.1,12.2,7.77,18.3,7.2,1,1,1,1,1,1,1,1,1,1,1,1,1,1,1,1,1,1,1,1,1,1
2024,5,14,0,0,0,2024-05-14,0,0,0,0,0,0,0,0,0,0,0,0,0,0,0,25,33,29.4,21.1,24.4,33.9,17.6,22.2,9.4,9.2,5,6.1,7.8,8.9,7.2,8.3,1,1,1,1,1,1,1,1,1,1,1,1,1,1,1,1,1,1,1,1,1,1
2024,5,15,0,0,0,2024-05-15,0,0,0,0,0,0,0,0,0,0,0,0,0,0,0,23.9,28.6,27.2,20.6,21.1,30.6,17.5,21.1,7.8,9.1,7.2,3.3,6.7,7.2,13.3,7.2,1,1,1,1,1,1,1,1,1,1,1,1,1,1,1,1,1,1,1,1,1,1
2024,5,16,0,0,0,2024-05-16,3.99,0,0.43,0,0,0.83,0.12,0,0,0,0,0,0,0,0,21.7,27.8,25.6,16.7,17.2,29.4,23.3,17.2,10,8.9,8.3,8.9,6.1,8.9,13.3,8.3,1,1,1,1,1,1,1,1,1,1,1,1,1,1,1,1,1,1,1,1,1,1
2024,5,17,0,0,0,2024-05-17,0,0,0,0,0,0,0,0,0.51,0,0,0,0.14,0,0,24.4,26.6,25.1,16.5,22.2,29.4,18.9,19.4,8.9,8.9,8.8,9.1,6.1,8.9,10,7.8,1,1,1,1,1,1,1,1,1,1,1,1,1,1,1,1,1,1,1,1,1,1
2024,5,18,0,0,0,2024-05-18,0,0,0,0,0,0,0,0,0,0,0,0,0,0,0,27.2,26,26.1,25.6,23.3,26.1,17.2,26.7,7.8,7.5,4.4,2.2,10,5.6,5.6,8.3,1,1,1,1,1,1,1,1,1,1,1,1,1,1,1,1,1,1,1,1,1,1
2024,5,19,0,0,0,2024-05-19,0,0,0,0,0,0,0,0,0,0,0,0,0,0,0,21.7,24.6,21.1,22.8,18.3,23.2,11.1,23.3,10,7.2,5,2.8,6.1,5.1,1.1,7.8,1,1,1,1,1,1,1,1,1,1,1,1,1,1,1,1,1,1,1,1,1,1
2024,5,20,0,0,0,2024-05-20,0,0,0,0,0,0,0,0,0,0,0,0,0,0,0,19.4,18.6,19.4,21.7,16.1,18.3,9.4,20,8.3,6.8,3.9,3.3,5,4.4,0,7.8,1,1,1,1,1,1,1,1,1,1,1,1,1,1,1,1,1,1,1,1,1,1
2024,5,21,0,0,0,2024-05-21,0,0,0,0,0,0.04,0,0,0,0,0.32,0,0,0,0,23.3,16.9,21.7,20.6,18.9,20.6,12.8,23.3,8.9,4.5,2.2,3.8,6.7,1.1,2.2,7.8,1,1,1,1,1,1,1,1,1,1,1,1,1,1,1,1,1,1,1,1,1,1
2024,5,22,0,0,0,2024-05-22,0,0,0,0,0,0,0,0,0,0,0,0,0,0,0,25,19.7,26.7,20.6,20.6,23.9,17.2,21.1,7.8,5.1,2.8,2.2,8.9,4.4,7.8,8.3,1,1,1,1,1,1,1,1,1,1,1,1,1,1,1,1,1,1,1,1,1,1
2024,5,23,0,0,0,2024-05-23,0,0,0,0,0,0,0,0,0,0,0,0,0,0,0,25,23.8,24.1,21.2,21.7,26.1,19.4,22.2,8.9,6.3,4.6,4.6,7.2,5.6,5.6,7.8,1,1,1,1,1,1,1,1,1,1,1,1,1,1,1,1,1,1,1,1,1,1
2024,5,24,0,0,0,2024-05-24,0,0,0,0,0,0,0,0,0,0,0,0,0,0,0,27.2,25.2,25.6,22.2,26.1,28.9,20,25,6.4,7.7,5.9,4.9,13.3,5.6,7.8,7.2,1,1,1,1,1,1,1,1,1,1,1,1,1,1,1,1,1,1,1,1,1,1
2024,5,25,0,0,0,2024-05-25,0.53,0,0,0.51,0,0,0,0,0,0,0,0,0,0,0,30,26.8,26.1,25.6,23.9,26.7,16.1,26.7,13.3,7.7,8.3,7.8,9.4,7.2,6.7,12.2,1,1,1,1,1,1,1,1,1,1,1,1,1,1,1,1,1,1,1,1,1,1
2024,5,26,0,0,0,2024-05-26,0,0,0,0,0,0.01,0,0,0,0,0,0,0.508,0,0,29.4,23.6,31.1,25,25.6,29.4,23.9,26.1,10.6,7.9,5,4.4,13.3,7.2,13.3,9.4,1,1,1,1,1,1,1,1,1,1,1,1,1,1,1,1,1,1,1,1,1,1
2024,5,27,0,0,0,2024-05-27,0,0,0,0,0,0,0,0,0,0,0,0,0,0,0,28.9,28.6,28.9,27.8,26.7,29.4,18.9,29.4,7.2,7.6,5,1.7,8.9,5.6,10.6,7.8,1,1,1,1,1,1,1,1,1,1,1,1,1,1,1,1,1,1,1,1,1,1
2024,5,28,0,0,0,2024-05-28,0,0,0,0,0,0,0,0,0,0,0,0,0,0,0,26.7,26.4,33.3,24.4,25.6,31.7,25,26.1,10.6,8.2,8.3,7.8,12.2,8.3,12.8,8.9,1,1,1,1,1,1,1,1,1,1,1,1,1,1,1,1,1,1,1,1,1,1
2024,5,29,0,0,0,2024-05-29,0,0,0,0,0,0,0,0,0,0,0,0,0,0,0,31.1,30.8,31.1,22.8,25,32.8,25.6,24.4,8.3,10.5,6.7,6.7,8.9,8.9,17.8,8.3,1,1,1,1,1,1,1,1,1,1,1,1,1,1,1,1,1,1,1,1,1,1
2024,5,30,0,0,0,2024-05-30,0,0,0,0,0,0,0,0,0,0,0,0,0,0,0,34.4,31.6,29.9,26.1,31.1,29.8,28.9,28.3,9.4,10.7,8.5,4.4,12.8,8.8,22.2,8.9,1,1,1,1,1,1,1,1,1,1,1,1,1,1,1,1,1,1,1,1,1,1
2024,5,31,0,0,0,2024-05-31,0,0,0,0,0,0,0,0,0,0,0,0,0,0,0,29.4,34.6,34.6,27.8,33.3,39.4,32.8,31.1,11.1,11.3,9.6,6.7,27.2,12.2,25.6,11.7,1,1,1,1,1,1,1,1,1,1,1,1,1,1,1,1,1,1,1,1,1,1
2024,6,1,0,0,0,2024-06-01,0,0,0,0,0,0,0,0,0,0,0,0,0,0,0,27.8,39,36.7,24.4,31.1,40,33.3,27.2,10.6,15.1,11.1,6.1,18.3,13.9,23.9,9.4,1,1,1,1,1,1,1,1,1,1,1,1,1,1,1,1,1,1,1,1,1,1
2024,6,2,0,0,0,2024-06-02,0,0,0,0,0,0,0,0,0,0,0,0,0,0,0,35.6,38.7,36.1,22.8,28.3,36.7,30,24.4,10,13.9,8.9,9.4,16.7,12.7,21.1,8.9,1,1,1,1,1,1,1,1,1,1,1,1,1,1,1,1,1,1,1,1,1,1
2024,6,3,0,0,0,2024-06-03,0,0,0,0,0,0,0,0,0,0,0,0,0,0,0,30,35.6,37.8,23,33.9,37.2,28.9,30,11.1,12.9,10,9.7,15.6,13.3,19.4,10,1,1,1,1,1,1,1,1,1,1,1,1,1,1,1,1,1,1,1,1,1,1
2024,6,4,0,0,0,2024-06-04,0,0,0,0,0,0,0,0,0,0,0,0,0,0,0,33.3,35.9,32.2,24.4,30,37.2,25,26.1,12.2,14.8,13.3,7.8,16.7,11.7,17.8,10.6,1,1,1,1,1,1,1,1,1,1,1,1,1,1,1,1,1,1,1,1,1,1
2024,6,5,0,0,0,2024-06-05,0,0,0,0,0,0,0,0,0,0,0,0,0,0,0,31.7,31.9,32.8,28.9,31.7,33.9,25.6,30.6,9.4,13.7,9.4,4.4,12.2,10.6,16.7,9.4,1,1,1,1,1,1,1,1,1,1,1,1,1,1,1,1,1,1,1,1,1,1
2024,6,6,0,0,0,2024-06-06,0,0,0,0,0,0,0,0,0,0,0,0,0,0,0,26.7,31.9,30.6,32.2,28.3,33.9,20.6,31.1,11.7,11.5,8.9,5,13.9,7.8,8.3,11.7,1,1,1,1,1,1,1,1,1,1,1,1,1,1,1,1,1,1,1,1,1,1
2024,6,7,0,0,0,2024-06-07,0,0,0,0,0,0,0,0,0,0,0,0,0,0,0,22.2,28,24.4,23.9,22.8,30,14.4,24.4,12.8,10.2,6.1,2.2,7.8,6.1,3.3,9.4,1,1,1,1,1,1,1,1,1,1,1,1,1,1,1,1,1,1,1,1,1,1
2024,6,8,0,0,0,2024-06-08,0,0,0,0,0,0,0,0,0,0,0,0,0,0,0,21.1,23,22.5,20,18.3,23.9,13.3,20,7.2,7.7,5.6,6.7,5.6,3.3,2.8,7.8,1,1,1,1,1,1,1,1,1,1,1,1,1,1,1,1,1,1,1,1,1,1
2024,6,9,0,0,0,2024-06-09,0,0,0,0,0,0,0,0,0,0,0,0,0,0,0,25,19.9,20.2,19.4,18.3,18.4,12.2,18.9,7.2,6.4,4.9,1.7,6.1,3.9,3.3,7.8,1,1,1,1,1,1,1,1,1,1,1,1,1,1,1,1,1,1,1,1,1,1
2024,6,10,0,0,0,2024-06-10,0,0,0,0,0,0,0,0,0,0,0,0,0,0,0,25.6,19.8,19.9,22.2,20,22.8,17.2,22.2,7.8,6.7,5,2.2,6.1,3.3,3.3,7.8,1,1,1,1,1,1,1,1,1,1,1,1,1,1,1,1,1,1,1,1,1,1
2024,6,11,0,0,0,2024-06-11,0,0,0,0.51,0,0,0,0,0,0,0,0,0,0,0,30,23.1,26.1,22.8,21.1,24.4,18.9,22.8,8.3,6.4,6.7,3.9,7.8,8.3,6.1,9.4,1,1,1,1,1,1,1,1,1,1,1,1,1,1,1,1,1,1,1,1,1,1
2024,6,12,0,0,0,2024-06-12,2.45,2.286,0.77,0.25,0,0.35,0,0,0,0,0,0,0.57,0,0.07,28.9,23.7,30.6,26.7,26.1,28.3,21.7,26.7,14.4,9,12.8,13.9,12.2,13.9,11.1,14.4,1,1,1,1,1,1,1,1,1,1,1,1,1,1,1,1,1,1,1,1,1,1
2024,6,13,0,0,0,2024-06-13,0.1,0,0,0,0.09,0,0.25,0,0,0,0,0,0,0,0,27.8,27.7,29.4,25,24.4,29.4,21.7,25.6,15.6,14.9,14.4,10,12.8,14.4,12.2,15,1,1,1,1,1,1,1,1,1,1,1,1,1,1,1,1,1,1,1,1,1,1
2024,6,14,0,0,0,2024-06-14,0.88,0.762,0.09,0,0.254,0,0,0,0,0,0,0,1.37,0.22,0.9,31.7,27.5,26.1,25,23.9,29.4,17.8,25,16.1,15.7,13.9,8.9,12.8,16.1,7.2,13.3,1,1,1,1,1,1,1,1,1,1,1,1,1,1,1,1,1,1,1,1,1,1
2024,6,15,0,0,0,2024-06-15,0.48,0,0.02,0,0.27,0,0,0,0,0,0,0,0,0,0,36.7,24.8,30,31.1,27.8,28.9,20,31.7,13.3,11.2,7.2,4.4,12.2,6.7,7.2,11.7,1,1,1,1,1,1,1,1,1,1,1,1,1,1,1,1,1,1,1,1,1,1
2024,6,16,0,0,0,2024-06-16,0,0,0,0,0,0,0,0,0,0,0,0,0,0,0,41.1,27.2,36.7,33.3,33.9,36.7,28.9,33.3,15.6,10,7.8,6.7,18.3,7.8,16.7,16.7,1,1,1,1,1,1,1,1,1,1,1,1,1,1,1,1,1,1,1,1,1,1
2024,6,17,0,0,0,2024-06-17,0,0,0,0,0,0,0,0,0,0,0,0,0,0,0,40,35.2,35,37.8,37.8,40.6,32.8,38.9,18.3,11.3,9.7,8.9,27.8,11.1,25,21.7,1,1,1,1,1,1,1,1,1,1,1,1,1,1,1,1,1,1,1,1,1,1
2024,6,18,0,0,0,2024-06-18,0,0,0,0,0,0,0,0,0,0,0,0,0,0,0,34.4,39,38.8,34.4,37.2,36.6,35.6,36.1,15,15.3,13.3,7.8,23.9,10.9,26.7,16.1,1,1,1,1,1,1,1,1,1,1,1,1,1,1,1,1,1,1,1,1,1,1
2024,6,19,0,0,0,2024-06-19,0,0,0,0,0,0,0,0,0,0,0,0,0,0,0,30.6,40.8,39.4,34.7,32.8,39,35,32.8,12.8,15.9,12.8,9.4,20,11.8,26.1,11.7,1,1,1,1,1,1,1,1,1,1,1,1,1,1,1,1,1,1,1,1,1,1
2024,6,20,0,0,0,2024-06-20,0,0,0,0,0,0,0,0,0,0,0,0,0,0,0,23.9,39.2,36.1,23.9,28.9,38.9,33.3,26.1,10.6,15.5,10.6,9.4,17.2,13.3,22.2,10.6,1,1,1,1,1,1,1,1,1,1,1,1,1,1,1,1,1,1,1,1,1,1
2024,6,21,0,0,0,2024-06-21,0,0,0,0,0,0,0,0,0,0,0,0,0,0,0,23.9,36.4,29.4,21.7,21.1,38.9,29.4,20.6,12.8,13.5,10.6,12.8,8.9,12.8,17.8,11.7,1,1,1,1,1,1,1,1,1,1,1,1,1,1,1,1,1,1,1,1,1,1
2024,6,22,0,0,0,2024-06-22,0,0,0,0,0,0,0,0,0,0,0,0,0,0,0,25,30.6,27.8,22.8,21.1,32.8,24.4,22.8,13.9,12,12.8,13.3,10,10,15,13.3,1,1,1,1,1,1,1,1,1,1,1,1,1,1,1,1,1,1,1,1,1,1
2024,6,23,0,0,0,2024-06-23,0,0,0,0,0,0,0,0,0,0,0,0,0,0.18,0.68,25.6,27.6,28.9,22.2,21.1,26.3,25,21.7,13.9,11.9,12.2,10.6,8.9,10.6,12.8,11.7,1,1,1,1,1,1,1,1,1,1,1,1,1,1,1,1,1,1,1,1,1,1
2024,6,24,0,0,0,2024-06-24,0,0,0,0,0,0,0,0,0,0,0,0,0,0,0,28.9,28.2,31.1,22.2,22.2,28.9,26.7,21.7,12.2,12,10.6,12.2,7.8,11.1,16.7,11.7,1,1,1,1,1,1,1,1,1,1,1,1,1,1,1,1,1,1,1,1,1,1
2024,6,25,0,0,0,2024-06-25,0.02,0,0,0,0,0,0,0,0,0,0,0,0,0,0,29.4,31.3,30.1,21.6,28.3,36.7,28.3,26.1,12.8,12,11.3,11.9,12.2,13.3,21.7,11.1,1,1,1,1,1,1,1,1,1,1,1,1,1,1,1,1,1,1,1,1,1,1
2024,6,26,0,0,0,2024-06-26,0,0,0,0,0,0,0,0,0,0,0,0,0,0,0,29.4,34.4,34.1,25,33.3,41.7,33.9,24.4,13.3,13.5,11.8,11.7,14.4,14.4,26.1,11.7,1,1,1,1,1,1,1,1,1,1,1,1,1,1,1,1,1,1,1,1,1,1
2024,6,27,0,0,0,2024-06-27,0,0,0,0,0,0,0,0,0,0,0,0,0,0,0,29.8,40.3,38.6,25,30,41.7,36.1,24.4,12.2,15,12.9,11.9,17.2,15.6,25,11.1,1,1,1,1,1,1,1,1,1,1,1,1,1,1,1,1,1,1,1,1,1,1
2024,6,28,0,0,0,2024-06-28,0,0,0,0,0,0,0,0,0,0,0,0,0,0,0,28.8,38.1,35.8,25,28.9,38.9,28.3,23.9,12.4,15.4,13.5,11.8,13.9,14.4,18.3,12.2,1,1,1,1,1,1,1,1,1,1,1,1,1,1,1,1,1,1,1,1,1,1
2024,6,29,0,0,0,2024-06-29,0,0,0,0,0,0,0,0,0,0,0,0,0,0,0,29.1,30,29.4,29.5,32.2,33.3,29.4,32.2,11.5,13.1,12,10.4,18.3,10,16.1,13.3,1,1,1,1,1,1,1,1,1,1,1,1,1,1,1,1,1,1,1,1,1,1
2024,6,30,0,0,0,2024-06-30,0,0,0,0,0,0,0,0,0,0,0,0,0,0,0,31.7,34.6,33.5,32,35,40.6,34.4,33.3,13.8,13.5,13.2,12.1,18.9,13.3,25,12.2,1,1,1,1,1,1,1,1,1,1,1,1,1,1,1,1,1,1,1,1,1,1
2024,7,1,0,0,0,2024-07-01,0,0,0,0,0,0,0,0,0,0,0,0,0,0,0,28.9,36.8,33.9,25.6,26.7,35.6,29.4,25.6,13.3,15.8,13.3,12.2,13.9,15,21.7,12.2,1,1,1,1,1,1,1,1,1,1,1,1,1,1,1,1,1,1,1,1,1,1
2024,7,2,0,0,0,2024-07-02,0,0,0,0,0,0,0,0,0,0,0,0,0,0,0,28.9,34.2,36.1,24.4,27.2,37.8,32.2,24.4,12.8,14.7,10.6,12.2,16.7,14.4,20.6,11.7,1,1,1,1,1,1,1,1,1,1,1,1,1,1,1,1,1,1,1,1,1,1
2024,7,3,0,0,0,2024-07-03,0,0,0,0,0,0,0,0,0,0,0,0,0,0.01,0.2,26.7,36.1,33.9,22.8,25.6,37.8,32.2,23.3,11.7,14.2,11.1,11.7,15.6,13.9,22.8,11.1,1,1,1,1,1,1,1,1,1,1,1,1,1,1,1,1,1,1,1,1,1,1
2024,7,4,0,0,0,2024-07-04,0,0,0,0,0,0,0,0,0,0,0,0,0,0.14,0.52,26.1,36,32.8,21.7,23.9,37.8,31.1,21.7,12.8,13.9,12.8,12.8,10,14.4,20.6,11.7,1,1,1,1,1,1,1,1,1,1,1,1,1,1,1,1,1,1,1,1,1,1
2024,7,5,0,0,0,2024-07-05,0,0,0,0,0,0,0,0,0,0,0,0,0,0,0.01,27.2,35.2,34.4,22.8,25.6,37.2,30.6,23.9,12.2,14.1,12.2,11.1,9.4,14.4,22.8,10.6,1,1,1,1,1,1,1,1,1,1,1,1,1,1,1,1,1,1,1,1,1,1
2024,7,6,0,0,0,2024-07-06,0,0,0,0,0,0,0,0,0,0,0,0,0,0,0.14,28.9,35.8,35.6,25,28.3,36.7,27.8,23.3,11.7,13.7,10,10.6,11.1,13.3,19.4,11.1,1,1,1,1,1,1,1,1,1,1,1,1,1,1,1,1,1,1,1,1,1,1
2024,7,7,0,0,0,2024-07-07,0,0,0,0,0,0,0,0,0,0,0,0,0,0,0,30,35.1,37.2,25.6,28.9,38.3,30.6,25,11.7,12.7,8.3,10,14.4,20,20.6,11.1,1,1,1,1,1,1,1,1,1,1,1,1,1,1,1,1,1,1,1,1,1,1
2024,7,8,0,0,0,2024-07-08,0,0,0,0,0,0,0,0,0,0,0,0,0,0,0,36.1,36.3,40.6,33.3,33.9,39.4,33.3,32.8,9.4,12.2,10,10.6,18.9,13.3,25.6,9.4,1,1,1,1,1,1,1,1,1,1,1,1,1,1,1,1,1,1,1,1,1,1
2024,7,9,0,0,0,2024-07-09,0,0,0,0,0,0,0,0,0,0,0,0,0,0,0,36.7,39.7,39.4,31.7,36.1,42.2,36.1,33.3,14.4,14.5,11.6,8.3,26.7,14.4,27.2,11.7,1,1,1,1,1,1,1,1,1,1,1,1,1,1,1,1,1,1,1,1,1,1
2024,7,10,0,0,0,2024-07-10,0,0,0,0,0,0,0,0,0,0,0,0,0,0,0,38.3,41.4,41.2,31.7,38.3,44.4,35.6,35,12.2,16.9,13.5,9.8,26.7,15.6,27.8,11.1,1,1,1,1,1,1,1,1,1,1,1,1,1,1,1,1,1,1,1,1,1,1
2024,7,11,0,0,0,2024-07-11,0,0,0,0,0,0,0,0,0,0,0,0,0,0,0,30,42.5,42.1,25,32.8,44.4,36.1,24.4,10.6,18,14.9,10,20,15.6,26.1,10,1,1,1,1,1,1,1,1,1,1,1,1,1,1,1,1,1,1,1,1,1,1
2024,7,12,0,0,0,2024-07-12,0,0,0,0,0,0,0,0,0,0,0,0,0,0,0,29.4,39.4,38.3,25,29.4,41.1,33.9,24.4,11.1,14.1,10,10,16.7,13.9,25.6,10,1,1,1,1,1,1,1,1,1,1,1,1,1,1,1,1,1,1,1,1,1,1
2024,7,13,0,0,0,2024-07-13,0,0,0,0,0,0,0,0,0,0,0,0,0,0,0,26.7,39,33.9,23.3,25.6,39.4,32.2,23.3,11.7,14.3,11.1,11.1,14.4,14.4,23.9,10,1,1,1,1,1,1,1,1,1,1,1,1,1,1,1,1,1,1,1,1,1,1
2024,7,14,0,0,0,2024-07-14,0,0,0,0,0,0,0,0,0,0,0,0,0,0,0,27.2,35.4,32.8,22.2,26.1,39.4,29.4,22.8,11.1,13.3,10.6,10.6,12.2,13.9,20.6,10.6,1,1,1,1,1,1,1,1,1,1,1,1,1,1,1,1,1,1,1,1,1,1
2024,7,15,0,0,0,2024-07-15,0,0,0,0,0,0,0,0,0,0,0,0,0,0,0,26.1,34.6,32.2,22.2,24.4,35.6,27.8,22.2,11.7,12.5,11.3,10.8,12.2,13.3,19.4,10,1,1,1,1,1,1,1,1,1,1,1,1,1,1,1,1,1,1,1,1,1,1
2024,7,16,0,0,0,2024-07-16,0,0,0,0,0,0,0,0,0,0,0,0,0,0,0,28.9,32.9,35,25.6,27.8,35,27.8,25,11.7,12.8,9.4,10,12.8,12.8,21.7,10.6,1,1,1,1,1,1,1,1,1,1,1,1,1,1,1,1,1,1,1,1,1,1
2024,7,17,0,0,0,2024-07-17,0,0,0,0,0,0,0,0,0,0,0,0,0,0,0,31.1,34.1,37.8,26.1,30,37.2,30.6,26.7,11.7,13.3,11.7,7.2,17.8,13.9,22.2,12.2,1,1,1,1,1,1,1,1,1,1,1,1,1,1,1,1,1,1,1,1,1,1
2024,7,18,0,0,0,2024-07-18,0,0,0,0,0,0,0,0,0,0,0,0,0,0,0,33.9,36,39.4,28.9,32.2,38.9,33.3,29.4,11.7,15.5,11.7,6.7,21.7,13.9,23.3,12.2,1,1,1,1,1,1,1,1,1,1,1,1,1,1,1,1,1,1,1,1,1,1
2024,7,19,0,0,0,2024-07-19,0,0,0,0,0,0,0,0,0,0,0,0,0,0,0,32.2,38.2,38.3,27.8,30,38.9,32.8,27.8,12.8,15.5,13.9,9.4,17.2,15,22.2,11.7,1,1,1,1,1,1,1,1,1,1,1,1,1,1,1,1,1,1,1,1,1,1
2024,7,20,0,0,0,2024-07-20,0,0,0,0,0,0,0,0,0,0,0,0,0,0,0,31.1,36.6,37,27.5,32.2,37.2,25.6,27.2,10.6,15.9,12.7,8.4,13.9,13.3,18.3,11.1,1,1,1,1,1,1,1,1,1,1,1,1,1,1,1,1,1,1,1,1,1,1
2024,7,21,0,0,0,2024-07-21,0,0,0,0,0,0,0,0,0,0,0,0,0,0,0,32.8,33.2,35,29.4,32.2,35,26.9,28.1,10.6,14,10,5,13.7,10.6,17.7,8.4,1,1,1,1,1,1,1,1,1,1,1,1,1,1,1,1,1,1,1,1,1,1
2024,7,22,0,0,0,2024-07-22,0,0,0,0,0,0,0,0,0,0,0,0,0,0,0,31.1,33.8,37.8,29,32.5,36.7,28.8,29.8,10.6,13.9,9.4,7,13.4,12.2,18.1,8.1,1,1,1,1,1,1,1,1,1,1,1,1,1,1,1,1,1,1,1,1,1,1
2024,7,23,0,0,0,2024-07-23,0,0,0,0,0,0,0,0,0,0,0,0,0,0,0,33.3,35.8,38.9,27.2,31.1,39.4,30.4,28,10,14,10.6,4.4,20.6,13.3,21.9,8,1,1,1,1,1,1,1,1,1,1,1,1,1,1,1,1,1,1,1,1,1,1
2024,7,24,0,0,0,2024-07-24,0,0,0,0,0,0,0,0,0,0,0,0,0,0,0,31.1,38.1,38.9,26.1,31.1,40,34.4,27.2,10.6,15.2,11.1,6.7,20.6,13.9,25.6,10,1,1,1,1,1,1,1,1,1,1,1,1,1,1,1,1,1,1,1,1,1,1
2024,7,25,0,0,0,2024-07-25,0,0,0,0,0,0,0,0,0,0,0,0,0,0,0,29.4,39.6,37.8,23.9,29.4,40,32.8,26.1,10.6,15.5,11.7,10.6,20,15,23.3,10.6,1,1,1,1,1,1,1,1,1,1,1,1,1,1,1,1,1,1,1,1,1,1
2024,7,26,0,0,0,2024-07-26,0,0,0,0,0,0,0,0,0,0,0,2.031,0,0,0,25,37.5,31.1,24,24.4,38.9,31.1,20.6,11.7,15.5,11.1,10.6,14.4,15.6,18.3,10.6,1,1,1,1,1,1,1,1,1,1,1,1,1,1,1,1,1,1,1,1,1,1
2024,7,27,0,0,0,2024-07-27,0,0,0,0,0,0,0,0,0,0,0,0,0,0,0,36.1,32.9,35.6,32.2,31.7,35.6,27.8,32.8,12.2,14.6,12.8,9.4,18.9,15.6,18.3,12.2,1,1,1,1,1,1,1,1,1,1,1,1,1,1,1,1,1,1,1,1,1,1
2024,7,28,0,0,0,2024-07-28,0,0,0,0,0,0,0,0,0,0,0,0,0,0,0,33.3,33.2,40,27.8,32.8,39.4,34.4,28.9,12.2,16.4,12.2,10.6,22.8,13.9,22.8,11.7,1,1,1,1,1,1,1,1,1,1,1,1,1,1,1,1,1,1,1,1,1,1
2024,7,29,0,0,0,2024-07-29,0,0,0,0,0,0,0,0,0,0,0,0,0,0,0,32.2,38.8,41.1,27.7,33.3,40.6,35,28.3,12.8,16.2,15,11.4,21.1,17.8,25.6,11.7,1,1,1,1,1,1,1,1,1,1,1,1,1,1,1,1,1,1,1,1,1,1
2024,7,30,0,0,0,2024-07-30,0,0,0,0,0,0,0,0,0,0,0,0,0,0,0,32.3,39.9,40,26.1,32.2,41.7,34.4,27.8,12.1,19.2,13.9,10.6,23.3,16.1,25,11.1,1,1,1,1,1,1,1,1,1,1,1,1,1,1,1,1,1,1,1,1,1,1
2024,7,31,0,0,0,2024-07-31,0,0,0,0,0,0,0,0,0,0,0,0,0,0,0,31.8,40.7,34.4,23.9,27.2,41.1,32.2,24.4,11.7,15.7,11.1,12.8,15,14.4,23.9,11.7,1,1,1,1,1,1,1,1,1,1,1,1,1,1,1,1,1,1,1,1,1,1
2024,8,1,0,0,0,2024-08-01,0,0,0,0,0,0,0,0,0,0,0,0,0,0,0.6,27.2,36.3,34.2,23.9,25.6,39.4,33.3,23.3,13.3,14,12.2,12.9,10.6,13.3,21.1,12.2,1,1,1,1,1,1,1,1,1,1,1,1,1,1,1,1,1,1,1,1,1,1
2024,8,2,0,0,0,2024-08-02,0,0,0,0,0,0,0,0,0,0,0,0.3,0,0,0,30,34.8,33.9,26.1,27.8,37.2,31.7,25,10.6,12.4,11.7,8.3,8.3,11.1,19.4,12.2,1,1,1,1,1,1,1,1,1,1,1,1,1,1,1,1,1,1,1,1,1,1
2024,8,3,0,0,0,2024-08-03,0,0,0,0,0,0,0,0,0,0,0,0,0,0,0,33.3,33.7,39.4,30,32.2,38.3,32.8,29.4,12.2,12.1,9.4,9.4,19.4,11.7,23.3,11.1,1,1,1,1,1,1,1,1,1,1,1,1,1,1,1,1,1,1,1,1,1,1
2024,8,4,0,0,0,2024-08-04,0,0,0,0,0,0,0,0,0,0,0,0,0,0,0,28.9,38.2,37.2,24.4,30,38.3,32.8,23.3,12.8,13.4,8.3,11.7,15.6,11.1,20,11.1,1,1,1,1,1,1,1,1,1,1,1,1,1,1,1,1,1,1,1,1,1,1
2024,8,5,0,0,0,2024-08-05,0,0,0,0,0,0,0.3,0,0,0,0,0,0,0,0,27.2,37.2,35,24.4,26.7,37.8,27.2,23.9,12.8,12.4,12.2,12.2,9.4,8.3,17.8,11.7,1,1,1,1,1,1,1,1,1,1,1,1,1,1,1,1,1,1,1,1,1,1
2024,8,6,0,0,0,2024-08-06,0,0,0,0,0,0,0,0,0,0,0,0,0,0,0,33.3,33.2,33.4,24,31.1,36.1,29.4,30,12.2,12.5,12.5,9.9,16.7,13.9,20.6,13.3,1,1,1,1,1,1,1,1,1,1,1,1,1,1,1,1,1,1,1,1,1,1
2024,8,7,0,0,0,2024-08-07,0,0,0,0,0,0,0,0,0,0,0,0,0,0,0,26.1,36.4,37.8,28.9,31.1,38.3,32.8,29.4,12.2,15.8,12.2,6.7,20,13.9,23.3,12.2,1,1,1,1,1,1,1,1,1,1,1,1,1,1,1,1,1,1,1,1,1,1
2024,8,8,0,0,0,2024-08-08,0,0,0,0,0,0,0,0,0,0,0,0,0,0,0.4,28.9,38.1,35,23.9,27.2,38.3,30.6,25,12.2,15.8,11.7,11.7,17.2,14.4,23.3,11.7,1,1,1,1,1,1,1,1,1,1,1,1,1,1,1,1,1,1,1,1,1,1
2024,8,9,0,0,0,2024-08-09,0,0,0,0,0,0,0,0,0,0,0,0,0,0,0,30.6,35.4,35.6,26.7,28.3,38.3,33.3,27.8,11.1,15.3,11.7,7.8,17.8,13.9,22.2,11.7,1,1,1,1,1,1,1,1,1,1,1,1,1,1,1,1,1,1,1,1,1,1
2024,8,10,0,0,0,2024-08-10,0,0,0,0,0,0,0,0,0,0,0,0,0,0,0,34.4,35.8,34.4,26.8,32.8,40,33.9,30.6,12.2,15.1,12.6,9.1,17.8,13.9,22.8,11.7,1,1,1,1,1,1,1,1,1,1,1,1,1,1,1,1,1,1,1,1,1,1
2024,8,11,0,0,0,2024-08-11,0,0,0,0,0,0,0,0,0,0,0,0,0,0,0,31.1,38.8,37.9,29.8,32.2,41.1,35.6,27.2,12.2,15.3,12.5,9.6,22.2,15,24.4,11.7,1,1,1,1,1,1,1,1,1,1,1,1,1,1,1,1,1,1,1,1,1,1
2024,8,12,0,0,0,2024-08-12,0,0,0,0,0,0,0,0,0,0,0,0,0,0,0,27.2,40.9,39.4,26.1,30.6,41.1,30.6,24.4,12.8,16.5,13.4,8.9,18.9,16.1,23.9,12.2,1,1,1,1,1,1,1,1,1,1,1,1,1,1,1,1,1,1,1,1,1,1
2024,8,13,0,0,0,2024-08-13,0,0,0,0,0,0,0,0,0,0,0,0,0,0,0,28.3,36.4,35.9,24.2,28.3,36.1,28.3,23.9,13.3,17.5,14.4,12.6,20,16.7,20.6,12.2,1,1,1,1,1,1,1,1,1,1,1,1,1,1,1,1,1,1,1,1,1,1
2024,8,14,0,0,0,2024-08-14,0,0,0,0,0,0,0,0,0,0,0,0,0,0,0,32.2,35.7,35.3,24.9,33.9,40,33.9,27.8,13.3,17.2,14.9,12.7,21.7,15.6,23.3,12.8,1,1,1,1,1,1,1,1,1,1,1,1,1,1,1,1,1,1,1,1,1,1
2024,8,15,0,0,0,2024-08-15,0,0,0,0,0,0,0,0,0,0,0,0,0,0,0,34.4,39.4,39.6,27.2,37.2,43.9,35,26.7,12.8,18.2,15.5,9.4,25.6,15.6,27.2,12.8,1,1,1,1,1,1,1,1,1,1,1,1,1,1,1,1,1,1,1,1,1,1
2024,8,16,0,0,0,2024-08-16,0,0,0,0,0,0,0,0,0,0,0,0,0,0,0,39.4,41.7,41.5,27.1,36.1,43.9,30,33.3,18.3,18.3,15.5,10.4,20.6,17.8,20.6,12.8,1,1,1,1,1,1,1,1,1,1,1,1,1,1,1,1,1,1,1,1,1,1
2024,8,17,0,0,0,2024-08-17,0,0,0,0,0,0,0,0,0,0,0,0,0,0,0,32.8,37.4,33.3,29.4,31.7,38.3,25,28.9,13.9,17.3,13.9,9.4,15,13.9,17.8,13.3,1,1,1,1,1,1,1,1,1,1,1,1,1,1,1,1,1,1,1,1,1,1
2024,8,18,0,0,0,2024-08-18,0,0,0,0,0,0,0,0,0,0,0,0,0,0,0,27.2,32.6,33.3,23.3,25.6,33.3,26.7,23.9,12.2,15.2,10.6,7.2,16.7,11.7,18.3,12.8,1,1,1,1,1,1,1,1,1,1,1,1,1,1,1,1,1,1,1,1,1,1
2024,8,19,0,0,0,2024-08-19,0,0,0,0,0,0,0,0,0,0,0,0,0,0,0,25.6,33,35,22.2,26.1,34.4,28.3,22.2,11.1,13.3,10,8.3,16.1,11.1,19.4,12.8,1,1,1,1,1,1,1,1,1,1,1,1,1,1,1,1,1,1,1,1,1,1
2024,8,20,0,0,0,2024-08-20,0,0,0,0,0,0,0,0,0,0,0,0.3,0,0,0,23.9,34.2,30,20.6,25.6,34.4,27.8,20.6,12.8,13.6,10.6,12.8,11.1,13.3,17.8,12.2,1,1,1,1,1,1,1,1,1,1,1,1,1,1,1,1,1,1,1,1,1,1
2024,8,21,0,0,0,2024-08-21,0,0,0,0,0,0,0,0,0,0,0,0,0,0,0,22.2,32.2,25.6,20.6,19.4,33.9,23.3,18.9,13.3,13.2,12.2,12.8,10.6,11.1,13.9,11.7,1,1,1,1,1,1,1,1,1,1,1,1,1,1,1,1,1,1,1,1,1,1
2024,8,22,0,0,0,2024-08-22,0,0,0,0,0,0,0,0,0,0,0,0,0,0,0.4,26.7,27.3,31.1,22.8,23.3,31.7,25.6,23.3,12.8,11.8,10.6,12.2,11.1,10.6,16.1,11.7,1,1,1,1,1,1,1,1,1,1,1,1,1,1,1,1,1,1,1,1,1,1
2024,8,23,0,0,0,2024-08-23,0,0,0,0,0,0,0,0,0,0,0,0,0,0,0.4,23.9,31,28.9,21.7,21.7,32.2,26.1,21.1,12.2,11.3,10.6,12.2,9.4,10.6,17.2,11.1,1,1,1,1,1,1,1,1,1,1,1,1,1,1,1,1,1,1,1,1,1,1
2024,8,24,0,0,0,2024-08-24,0,0,0,0,0,0,0,0,0,0,0,0,0,0.1,0,26.7,30.1,30.6,23.9,24.4,32.2,26.1,22.8,11.7,11.5,11.1,10.6,7.8,10,17.2,11.1,1,1,1,1,1,1,1,1,1,1,1,1,1,1,1,1,1,1,1,1,1,1
2024,8,25,0,0,0,2024-08-25,0,0,0,0,0,0,0,0,0,0,0,0,0,0,0,27.8,30.6,30,22.9,25.6,32.8,27.2,23.9,12.2,10.8,9.6,11.4,10,8.3,17.8,10.6,1,1,1,1,1,1,1,1,1,1,1,1,1,1,1,1,1,1,1,1,1,1
2024,8,26,0,0,0,2024-08-26,0,0,0,0,0,0,0,0,0,0,0,0,0,0,0,34.4,32.6,32.5,23.5,31.1,33.9,28.9,30.6,8.9,10.1,9.2,8.6,19.4,10,21.1,10,1,1,1,1,1,1,1,1,1,1,1,1,1,1,1,1,1,1,1,1,1,1
2024,8,27,0,0,0,2024-08-27,0,0,0,0,0,0,0,0,0,0,0,0,0,0,0,37.8,35,40,35.6,33.9,37.2,32.2,35,13.3,12.2,10.6,7.2,25,11.1,22.8,16.7,1,1,1,1,1,1,1,1,1,1,1,1,1,1,1,1,1,1,1,1,1,1
2024,8,28,0,0,0,2024-08-28,0,0,0,0,0,0,0,0,0,0,0,0,0,0,0,40,38.2,41.1,38.9,36.1,40.6,34.4,37.8,13.9,15,11.1,8.9,26.1,12.2,25,16.7,1,1,1,1,1,1,1,1,1,1,1,1,1,1,1,1,1,1,1,1,1,1
2024,8,29,0,0,0,2024-08-29,0,0,0,0,0,0,0,0,0,0,0,0,0,0,0,34.4,40,40.3,30,33.3,40.6,33.9,30.6,13.3,15.4,12.9,8.9,23.3,13.3,26.1,12.2,1,1,1,1,1,1,1,1,1,1,1,1,1,1,1,1,1,1,1,1,1,1
2024,8,30,0,0,0,2024-08-30,0,0,0,0,0,0,0,0,0,0,0,0,0,0,0,33.8,39.8,40.6,28.9,31.7,39.4,33.3,28.9,11,15.1,9.4,8.3,20,11.7,23.3,11.7,1,1,1,1,1,1,1,1,1,1,1,1,1,1,1,1,1,1,1,1,1,1
2024,8,31,0,0,0,2024-08-31,0,0,0,0,0,0,0,0,0,0,0,0,0,0,0,32,38.3,36.1,26.7,28.3,37.2,28.9,26.7,8.7,13.8,7.8,4.4,14.4,9.4,19.4,11.7,1,1,1,1,1,1,1,1,1,1,1,1,1,1,1,1,1,1,1,1,1,1
2024,9,1,0,0,0,2024-09-01,0,0,0,0,0,0,0,0,0,0,0,0,0.5,0,0,20,35.4,24.4,26.5,17.2,33,26.1,18.3,11.1,11.3,7.8,5.7,8.3,9,16.1,11.1,1,1,1,1,1,1,1,1,1,1,1,1,1,1,1,1,1,1,1,1,1,1
2024,9,2,0,0,0,2024-09-02,0,0,0,0,0,0,0,0,0,0,0,0,0,0,0,26.1,26.2,30,23.3,23.9,30.6,25,23.3,12.2,9.8,10,12.2,8.3,9.4,15.6,11.7,1,1,1,1,1,1,1,1,1,1,1,1,1,1,1,1,1,1,1,1,1,1
2024,9,3,0,0,0,2024-09-03,0,0,0,0,0,0,0,0,0,0,0,0,0,0,0,28.3,30.9,32.8,23.9,26.1,33.9,28.3,25,12.2,10.7,7.8,8.9,13.9,8.9,16.1,11.1,1,1,1,1,1,1,1,1,1,1,1,1,1,1,1,1,1,1,1,1,1,1
2024,9,4,0,0,0,2024-09-04,0,0,0,0,0,0,0,0,0,0,0,0,0,0,0,33.9,33.2,37.2,31.7,30.6,36.1,31.1,30.6,10.6,11.3,7.2,7.2,20.6,8.9,18.9,10.6,1,1,1,1,1,1,1,1,1,1,1,1,1,1,1,1,1,1,1,1,1,1
2024,9,5,0,0,0,2024-09-05,0,0,0,0,0,0,0,0,0,0,0,0,0,0,0,36.7,36.6,36.3,33.3,33.3,37.2,32.2,33.3,8.9,11.7,9,7.2,22.8,9.4,22.8,10,1,1,1,1,1,1,1,1,1,1,1,1,1,1,1,1,1,1,1,1,1,1
2024,9,6,0,0,0,2024-09-06,0,0,0,0,0,0,0,0,0,0,0,0,0,0,0,37.8,37.3,38.9,33,33.9,37.8,32.8,36.1,10,12.6,7.8,7.7,24.4,10,22.2,11.1,1,1,1,1,1,1,1,1,1,1,1,1,1,1,1,1,1,1,1,1,1,1
2024,9,7,0,0,0,2024-09-07,0,0,0,0,0,0,0,0,0,0,0,0,0,0,0,38.9,37.8,38.9,33.9,35.6,38.3,32.2,32.2,12.8,12.7,10.6,7.8,25,11.7,25,13.3,1,1,1,1,1,1,1,1,1,1,1,1,1,1,1,1,1,1,1,1,1,1
2024,9,8,0,0,0,2024-09-08,0,0,0,0,0,0,0,0,0,0,0,0,0.3,0,0,37.8,37.5,38,32.8,37.2,39.4,32.8,34.4,16.1,14.5,12.1,11.1,26.7,17.2,23.9,15.6,1,1,1,1,1,1,1,1,1,1,1,1,1,1,1,1,1,1,1,1,1,1
2024,9,9,0,0,0,2024-09-09,0,0,0,0.5,0,0,0.8,0,0.3,0,0,0,0,0,0,31.1,39.4,35.6,32.7,30,39.4,30,28.3,13.3,17.4,13.9,11.2,19.4,16.1,19.4,12.2,1,1,1,1,1,1,1,1,1,1,1,1,1,1,1,1,1,1,1,1,1,1
2024,9,10,0,0,0,2024-09-10,1.2,0,0.9,0.5,0.3,1.6,0,1.3,2.3,2.8,2.8,2,0.3,1.9,1.2,28.3,34.1,32.2,25.6,25.6,34.4,25,25,13.9,16,12.8,9.4,13.9,15,16.7,13.3,1,1,1,1,1,1,1,1,1,1,1,1,1,1,1,1,1,1,1,1,1,1
2024,9,11,0,0,0,2024-09-11,0,0,0,0,0,0,0,0,0,0,0,0,0,0,0,32.8,31.6,36.1,28.9,28.9,33.9,28.3,28.9,10.6,14.1,9.4,5.6,20,11.7,18.9,11.7,1,1,1,1,1,1,1,1,1,1,1,1,1,1,1,1,1,1,1,1,1,1
2024,9,12,0,0,0,2024-09-12,0,0,0,0,0,0,0,0,0,0,0,0,0,0,0,33.9,32.9,37.2,30.6,30.6,36.1,29.4,30,11.7,12.9,11.1,6.1,23.3,12.2,21.1,12.2,1,1,1,1,1,1,1,1,1,1,1,1,1,1,1,1,1,1,1,1,1,1
2024,9,13,0,0,0,2024-09-13,0,0,0,0,0,0,0,0,0,0,0,0,0,0,0,34.4,35.5,38.3,32.8,31.1,36.7,30.6,32.2,10.6,13.9,8.9,5,22.2,10.6,21.7,12.8,1,1,1,1,1,1,1,1,1,1,1,1,1,1,1,1,1,1,1,1,1,1
2024,9,14,0,0,0,2024-09-14,0,0,0,0,0,0,0,0,0,0,0,0,0,0,0,33.9,36.1,36.8,31.9,31.1,38.9,32.2,30,10.6,13.3,10.7,6.4,22.2,11.7,23.9,11.7,1,1,1,1,1,1,1,1,1,1,1,1,1,1,1,1,1,1,1,1,1,1
2024,9,15,0,0,0,2024-09-15,0,0,0,0,0,0,0,0,0,0,0,0,0.8,0,0,22.2,38.2,30,19.4,22.8,38.9,30,18.9,12.8,13.5,8.9,12.8,10,10.6,18.3,11.7,1,1,1,1,1,1,1,1,1,1,1,1,1,1,1,1,1,1,1,1,1,1
2024,9,16,0,0,0,2024-09-16,0,0,0,0,0,0,0,0,0.3,0,0,0,0.8,0.1,0.4,23.3,32.4,28.9,20,21.1,33.9,26.1,20.6,12.2,11.8,11.7,12.2,9.4,9.4,17.2,11.1,1,1,1,1,1,1,1,1,1,1,1,1,1,1,1,1,1,1,1,1,1,1
2024,9,17,0,0,0,2024-09-17,0,0,0,0,0,0,0,0,0,0,0,0,0,0,0,25.6,30.5,30,23.9,22.8,32.2,27.2,22.8,11.7,11.3,8.9,11.1,8.9,8.9,9.4,10.6,1,1,1,1,1,1,1,1,1,1,1,1,1,1,1,1,1,1,1,1,1,1
2024,9,18,0,0,0,2024-09-18,0,5.1,0,4.6,0,0,2.3,0,5.1,1.3,0,0,1,0,0,20,30.7,29.1,18.9,14.4,32.2,12.8,16.7,12.8,9.8,9,12.8,8.3,10.6,9.4,12.2,1,1,1,1,1,1,1,1,1,1,1,1,1,1,1,1,1,1,1,1,1,1
2024,9,19,0,0,0,2024-09-19,19.3,4.3,5.3,0.3,5.8,3.9,0,4.1,0.8,0,0.8,0.3,15.2,4.4,12.4,27.8,18.8,26.1,26.7,23.3,24.4,17.2,25,13.9,12.6,10.6,8.9,10.6,11.1,8.3,13.3,1,1,1,1,1,1,1,1,1,1,1,1,1,1,1,1,1,1,1,1,1,1
2024,9,20,0,0,0,2024-09-20,0.8,4.3,0.5,0,0.8,0,0,0,0,0,0,0,0,0,0,34.4,24.8,37.2,32.2,31.7,33.9,28.9,31.7,12.2,9.8,5.6,5,17.8,7.2,16.1,15.6,1,1,1,1,1,1,1,1,1,1,1,1,1,1,1,1,1,1,1,1,1,1
2024,9,21,0,0,0,2024-09-21,0,0,0,0,0,0,0,0,0,0,0,0,0,0,0,36.1,34.4,36.7,36.1,31.7,36.1,30.6,33.9,11.7,9.4,6.7,5,22.8,8.3,18.9,18.3,1,1,1,1,1,1,1,1,1,1,1,1,1,1,1,1,1,1,1,1,1,1
2024,9,22,0,0,0,2024-09-22,0,0,0,0,0,0,0,0,0,0,0,0,0.5,0,0,33.3,35.6,36.1,30,30,36.1,28.3,29.4,12.2,12.1,8.3,7.2,21.7,10,21.1,11.7,1,1,1,1,1,1,1,1,1,1,1,1,1,1,1,1,1,1,1,1,1,1
2024,9,23,0,0,0,2024-09-23,0,0,0,0,0,0,0,0,0,0,0,0,0,0,0,34.4,34.3,37.8,31.7,32.2,36.7,30.6,31.1,10,12.8,7.8,8.9,22.8,10,21.1,10.6,1,1,1,1,1,1,1,1,1,1,1,1,1,1,1,1,1,1,1,1,1,1
2024,9,24,0,0,0,2024-09-24,0,0,0,0,0,0,0,0,0,0,0,0,0,0,0,32.2,36.1,37.8,29.4,30,36.7,31.1,28.3,11.1,12.1,8.9,4.4,20.6,12.2,21.1,12.2,1,1,1,1,1,1,1,1,1,1,1,1,1,1,1,1,1,1,1,1,1,1
2024,9,25,0,0,0,2024-09-25,0,0,0,0,0,0,0,0,0,0,0,0,0,0,0,26.1,37.1,30.6,22.8,25,36.7,27.2,22.2,12.2,12.2,10,12.2,8.3,8.9,16.7,11.7,1,1,1,1,1,1,1,1,1,1,1,1,1,1,1,1,1,1,1,1,1,1
2024,9,26,0,0,0,2024-09-26,0,0,0,0,0,0,0,0,0,0,0,0,0,0,0,25.6,30.8,30.1,22.4,22.2,32.8,22.2,21.1,11.7,10.4,10.4,12.2,8.3,9.4,12.8,11.7,1,1,1,1,1,1,1,1,1,1,1,1,1,1,1,1,1,1,1,1,1,1
2024,9,27,0,0,0,2024-09-27,0.7,2.5,0,9.1,0,0,1,0,4.6,0,0,1.3,0.5,0,0.1,22.8,27.3,22.2,21.6,18.9,26.7,13.3,20,9.4,11.6,9.4,7.4,10,7.8,6.1,12.2,1,1,1,1,1,1,1,1,1,1,1,1,1,1,1,1,1,1,1,1,1,1
2024,9,28,0,0,0,2024-09-28,8.8,0,2.9,0,3,4.8,0,1,0,0,0,1,6.6,0.5,2.4,26.1,20.5,25,28.3,21.7,23.9,16.7,25.6,11.7,9.3,7.2,5.6,8.9,6.7,5,11.1,1,1,1,1,1,1,1,1,1,1,1,1,1,1,1,1,1,1,1,1,1,1
2024,9,29,0,0,0,2024-09-29,0,0.3,0,0,0,0,0,0,0,0,0,0,0,0,0,29.4,22.4,23.8,27.2,25.6,27.2,21.7,26.1,11.1,7.5,6.2,2.2,12.2,3.9,11.1,11.1,1,1,1,1,1,1,1,1,1,1,1,1,1,1,1,1,1,1,1,1,1,1
2024,9,30,0,0,0,2024-09-30,0,0,0,0,0,0,0,0,0,0,0,0,0,0,0,34.4,27.8,28.7,26.6,29.4,32.2,26.7,31.7,8.9,7.3,5.5,4.6,20,13.9,18.9,13.9,1,1,1,1,1,1,1,1,1,1,1,1,1,1,1,1,1,1,1,1,1,1
