Forecast Issued:,04/04/2023 18:52 UTC,04/04/2023 06:52 PM UTC
Start Time (UTC),,,04/04/2023 12:00,04/04/2023 18:00,04/05/2023 00:00,04/05/2023 06:00,04/05/2023 12:00,04/05/2023 18:00,04/06/2023 00:00,04/06/2023 06:00,04/06/2023 12:00,04/06/2023 18:00,04/07/2023 00:00,04/07/2023 06:00,04/07/2023 12:00,04/07/2023 18:00,04/08/2023 00:00,04/08/2023 06:00,04/08/2023 12:00,04/08/2023 18:00,04/09/2023 00:00,04/09/2023 06:00,04/09/2023 12:00,04/09/2023 18:00,04/10/2023 00:00,04/10/2023 06:00,
End Time (UTC),,,04/04/2023 18:00,04/05/2023 00:00,04/05/2023 06:00,04/05/2023 12:00,04/05/2023 18:00,04/06/2023 00:00,04/06/2023 06:00,04/06/2023 12:00,04/06/2023 18:00,04/07/2023 00:00,04/07/2023 06:00,04/07/2023 12:00,04/07/2023 18:00,04/08/2023 00:00,04/08/2023 06:00,04/08/2023 12:00,04/08/2023 18:00,04/09/2023 00:00,04/09/2023 06:00,04/09/2023 12:00,04/09/2023 18:00,04/10/2023 00:00,04/10/2023 06:00,04/10/2023 12:00,

ID,Forecast Group,Name,(Inches),(Inches),(Inches),(Inches),(Inches),(Inches),(Inches),(Inches),(Inches),(Inches),(Inches),(Inches),(Inches),(Inches),(Inches),(Inches),(Inches),(Inches),(Inches),(Inches),(Inches),(Inches),(Inches),(Inches),
GERO3,Klamath,MILLER CK - GERBER,0.00,0.02,0.00,0.00,0.00,0.00,0.00,0.00,0.00,0.00,0.05,0.07,0.04,0.02,0.00,0.00,0.00,0.00,0.00,0.00,0.00,0.00,0.00,0.00
CKEC1,Klamath,LOST - CLEAR LK,0.00,0.01,0.00,0.00,0.00,0.00,0.00,0.00,0.00,0.00,0.02,0.04,0.03,0.02,0.00,0.00,0.00,0.00,0.00,0.00,0.00,0.00,0.00,0.00
BTYO3,Klamath,SPRAGUE - BEATTY,0.00,0.05,0.02,0.00,0.00,0.00,0.00,0.00,0.00,0.01,0.08,0.10,0.05,0.03,0.00,0.00,0.00,0.00,0.00,0.00,0.00,0.00,0.00,0.00
SCNO3,Klamath,SYCAN - BEATTY,0.00,0.04,0.01,0.00,0.00,0.00,0.00,0.00,0.00,0.01,0.07,0.09,0.04,0.02,0.00,0.00,0.00,0.00,0.00,0.00,0.00,0.00,0.00,0.00
CHSO3,Klamath,SPRAGUE - CHILOQUN L,0.00,0.01,0.00,0.00,0.00,0.00,0.00,0.00,0.00,0.01,0.05,0.06,0.04,0.01,0.00,0.00,0.00,0.00,0.00,0.00,0.00,0.00,0.00,0.00
WKAO3,Klamath,WILLIAMSON - KLAMATH,0.01,0.03,0.01,0.00,0.00,0.00,0.00,0.00,0.01,0.02,0.08,0.06,0.05,0.01,0.00,0.00,0.00,0.00,0.00,0.00,0.00,0.01,0.01,0.02
WMSO3,Klamath,WILLIAMSON - CHILOQN,0.00,0.00,0.00,0.00,0.00,0.00,0.00,0.00,0.00,0.01,0.05,0.05,0.05,0.02,0.00,0.00,0.00,0.00,0.00,0.00,0.00,0.00,0.00,0.01
KLAO3,Klamath,KLAMATH-UPR KLAM LK,0.02,0.02,0.02,0.00,0.00,0.00,0.01,0.01,0.01,0.02,0.06,0.07,0.06,0.02,0.01,0.00,0.00,0.00,0.00,0.00,0.00,0.01,0.01,0.02
KEOO3,Klamath,KLAMATH - KENO LOC,0.00,0.00,0.00,0.00,0.00,0.00,0.00,0.00,0.00,0.00,0.01,0.04,0.02,0.00,0.00,0.00,0.00,0.00,0.00,0.00,0.00,0.00,0.00,0.00
BOYO3,Klamath,KLAMATH - BL BOYLE L,0.01,0.03,0.02,0.00,0.00,0.00,0.00,0.00,0.00,0.02,0.03,0.07,0.05,0.02,0.00,0.00,0.00,0.00,0.00,0.00,0.00,0.00,0.01,0.01
IRGC1,Klamath,KLAMATH - IRGATE LOC,0.02,0.03,0.04,0.00,0.00,0.00,0.00,0.00,0.00,0.01,0.03,0.06,0.04,0.02,0.00,0.00,0.00,0.00,0.00,0.00,0.00,0.00,0.00,0.01
YREC1,Klamath,SHASTA - YREKA,0.00,0.00,0.00,0.00,0.00,0.00,0.00,0.00,0.00,0.00,0.07,0.12,0.03,0.02,0.01,0.01,0.00,0.00,0.00,0.00,0.01,0.00,0.00,0.01
FTJC1,Klamath,SCOTT - FT JONES,0.00,0.00,0.00,0.00,0.00,0.00,0.00,0.00,0.00,0.03,0.12,0.15,0.04,0.02,0.00,0.00,0.00,0.00,0.00,0.00,0.01,0.00,0.01,0.04
SEIC1,Klamath,KLAMATH-SEIAD VALLEY,0.00,0.01,0.01,0.00,0.00,0.00,0.00,0.00,0.01,0.03,0.11,0.11,0.04,0.02,0.01,0.00,0.00,0.00,0.00,0.00,0.01,0.01,0.02,0.04
HAPC1,Klamath,INDIAN CK - HPY CAMP,0.01,0.02,0.01,0.00,0.00,0.01,0.03,0.05,0.09,0.22,0.34,0.21,0.08,0.03,0.04,0.02,0.04,0.02,0.01,0.02,0.06,0.09,0.10,0.16
SBRC1,Klamath,SALMON - SOMES BAR,0.00,0.00,0.00,0.00,0.00,0.00,0.00,0.01,0.04,0.13,0.32,0.24,0.08,0.04,0.03,0.02,0.02,0.01,0.01,0.01,0.03,0.03,0.05,0.11
ONSC1,Klamath,KLAMATH - ORLNS LOC,0.00,0.01,0.00,0.00,0.00,0.01,0.02,0.05,0.08,0.21,0.37,0.26,0.08,0.03,0.04,0.02,0.03,0.02,0.01,0.02,0.05,0.07,0.10,0.17
CEGC1,Klamath,TRINITY -CLAIR ENGLE,0.00,0.00,0.00,0.00,0.00,0.00,0.00,0.00,0.03,0.14,0.33,0.36,0.11,0.07,0.06,0.05,0.05,0.03,0.03,0.02,0.04,0.03,0.03,0.06
TRJC1,Klamath,TRINITY - JCT CITY,0.00,0.00,0.00,0.00,0.00,0.00,0.00,0.00,0.02,0.13,0.29,0.24,0.08,0.06,0.06,0.03,0.03,0.02,0.02,0.01,0.03,0.01,0.01,0.01
TRNC1,Klamath,,0.00,0.00,0.00,0.00,0.00,0.00,0.00,0.00,0.05,0.19,0.38,0.29,0.08,0.06,0.05,0.03,0.03,0.02,0.02,0.02,0.04,0.03,0.02,0.05
BURC1,Klamath,TRINITY - BURNT RANC,0.00,0.00,0.00,0.00,0.00,0.00,0.00,0.00,0.04,0.18,0.35,0.24,0.07,0.05,0.04,0.02,0.02,0.02,0.01,0.01,0.03,0.03,0.02,0.05
HYMC1,Klamath,SF TRINITY - HYAMPOM,0.00,0.00,0.00,0.00,0.00,0.00,0.00,0.00,0.03,0.20,0.32,0.24,0.07,0.06,0.06,0.02,0.03,0.02,0.01,0.01,0.03,0.02,0.01,0.01
HOOC1,Klamath,TRINITY - HOOPA LOC,0.00,0.00,0.00,0.00,0.00,0.00,0.01,0.02,0.06,0.21,0.38,0.22,0.08,0.05,0.04,0.02,0.03,0.02,0.01,0.02,0.04,0.03,0.04,0.09
KLMC1,Klamath,KLAMATH - TRW CK LOC,0.01,0.01,0.00,0.00,0.00,0.01,0.04,0.07,0.12,0.33,0.49,0.29,0.09,0.04,0.05,0.04,0.05,0.03,0.02,0.03,0.07,0.08,0.11,0.19
TCCC1,Klamath,TRINITY - AB COFFEE,0.00,0.00,0.00,0.00,0.00,0.00,0.00,0.00,0.02,0.08,0.24,0.31,0.09,0.04,0.04,0.04,0.04,0.01,0.01,0.01,0.03,0.02,0.03,0.06
CREC1,North Coast,SMITH - JED SMITH SP,0.04,0.05,0.01,0.00,0.00,0.03,0.07,0.10,0.21,0.45,0.51,0.37,0.11,0.05,0.06,0.05,0.08,0.05,0.06,0.07,0.13,0.18,0.19,0.25
FTDC1,North Coast,SMITH - FORT DICK L,0.03,0.03,0.00,0.00,0.00,0.03,0.07,0.12,0.23,0.47,0.50,0.35,0.08,0.04,0.05,0.06,0.08,0.06,0.07,0.07,0.13,0.17,0.21,0.26
BLKC1,North Coast,REDWOOD CK - BLUE LK,0.00,0.01,0.00,0.00,0.00,0.00,0.02,0.03,0.09,0.30,0.47,0.25,0.10,0.05,0.06,0.03,0.05,0.02,0.02,0.03,0.05,0.05,0.06,0.14
ORIC1,North Coast,REDWOOD CK - ORICK L,0.00,0.01,0.00,0.00,0.00,0.02,0.03,0.05,0.12,0.33,0.51,0.26,0.09,0.04,0.05,0.03,0.05,0.02,0.02,0.04,0.06,0.07,0.10,0.19
MAUC1,North Coast,MAD - ABV RUTH RESVR,0.00,0.00,0.00,0.00,0.00,0.00,0.00,0.00,0.03,0.24,0.40,0.33,0.10,0.08,0.09,0.05,0.04,0.04,0.02,0.03,0.04,0.02,0.02,0.01
ARCC1,North Coast,MAD - ARCATA LOCAL,0.01,0.01,0.00,0.00,0.00,0.01,0.01,0.02,0.07,0.27,0.46,0.24,0.08,0.05,0.06,0.03,0.04,0.02,0.02,0.03,0.04,0.04,0.04,0.10
ETTC1,North Coast,MATTOLE - ETTERSBURG,0.00,0.00,0.00,0.00,0.00,0.00,0.01,0.02,0.12,0.45,0.74,0.35,0.10,0.06,0.10,0.08,0.08,0.05,0.04,0.07,0.05,0.03,0.03,0.07
MTOC1,North Coast,MATTOLE - PETROLIA L,0.01,0.00,0.00,0.00,0.00,0.00,0.01,0.04,0.16,0.57,0.87,0.36,0.10,0.06,0.10,0.09,0.08,0.05,0.04,0.07,0.06,0.04,0.05,0.12
BRGC1,North Coast,VAN DUZEN - BRDGEVLL,0.00,0.00,0.00,0.00,0.00,0.00,0.01,0.00,0.05,0.29,0.48,0.28,0.08,0.06,0.07,0.04,0.03,0.03,0.02,0.03,0.04,0.02,0.03,0.04
LEGC1,North Coast,SF EEL - LEGGETT,0.00,0.00,0.00,0.00,0.00,0.00,0.00,0.00,0.03,0.26,0.43,0.36,0.10,0.06,0.07,0.06,0.06,0.04,0.02,0.04,0.03,0.02,0.01,0.01
MRNC1,North Coast,SF EEL - MIRANDA LOC,0.00,0.00,0.00,0.00,0.00,0.00,0.00,0.00,0.06,0.32,0.55,0.30,0.09,0.05,0.07,0.06,0.05,0.03,0.03,0.04,0.04,0.02,0.02,0.03
PLBC1,North Coast,LK PILLSBURY,0.00,0.00,0.00,0.00,0.00,0.00,0.00,0.00,0.00,0.08,0.18,0.24,0.09,0.06,0.03,0.03,0.02,0.02,0.01,0.01,0.02,0.00,0.00,0.00
DOSC1,North Coast,MF EEL - DOS RIOS,0.00,0.00,0.00,0.00,0.00,0.00,0.00,0.00,0.00,0.14,0.25,0.28,0.09,0.06,0.05,0.03,0.03,0.02,0.01,0.02,0.03,0.01,0.00,0.00
FTSC1,North Coast,EEL - FT SEWARD LOC,0.00,0.00,0.00,0.00,0.00,0.00,0.00,0.00,0.01,0.17,0.31,0.29,0.08,0.06,0.05,0.04,0.04,0.02,0.01,0.02,0.03,0.01,0.01,0.00
SCOC1,North Coast,EEL - SCOTIA LOC,0.00,0.00,0.00,0.00,0.00,0.00,0.00,0.01,0.06,0.34,0.55,0.27,0.08,0.05,0.07,0.04,0.04,0.03,0.02,0.03,0.04,0.02,0.02,0.05
FRNC1,North Coast,EEL - FERNBRIDGE LOC,0.01,0.00,0.00,0.00,0.00,0.00,0.01,0.02,0.07,0.30,0.48,0.21,0.06,0.03,0.05,0.03,0.03,0.02,0.02,0.03,0.03,0.02,0.03,0.09
FTBC1,North Coast,NOYO - FT BRAGG,0.00,0.00,0.00,0.00,0.00,0.00,0.00,0.00,0.00,0.13,0.26,0.29,0.08,0.04,0.04,0.03,0.04,0.02,0.01,0.02,0.02,0.00,0.00,0.00
NVRC1,Russian / Napa,NAVARRO - NAVARRO,0.00,0.00,0.00,0.00,0.00,0.00,0.00,0.00,0.00,0.05,0.15,0.25,0.07,0.04,0.03,0.02,0.04,0.01,0.01,0.02,0.02,0.00,0.00,0.00
GRCC1,Russian / Napa,GARCIA - PT ARENA,0.00,0.00,0.00,0.00,0.00,0.00,0.00,0.00,0.00,0.05,0.17,0.30,0.09,0.04,0.04,0.03,0.04,0.03,0.01,0.02,0.02,0.00,0.00,0.00
GSRC1,Russian / Napa,SF GUALALA - SEA RCH,0.00,0.00,0.00,0.00,0.00,0.00,0.00,0.00,0.00,0.01,0.15,0.34,0.12,0.07,0.05,0.05,0.05,0.04,0.02,0.03,0.03,0.00,0.00,0.00
LAMC1,Russian / Napa,EF RUS - LK MENDO,0.00,0.00,0.00,0.00,0.00,0.00,0.00,0.00,0.00,0.06,0.15,0.21,0.08,0.05,0.03,0.02,0.02,0.02,0.01,0.01,0.02,0.00,0.00,0.00
UKAC1,Russian / Napa,RUSSIAN - UKIAH,0.00,0.00,0.00,0.00,0.00,0.00,0.00,0.00,0.00,0.08,0.17,0.23,0.08,0.05,0.03,0.02,0.03,0.02,0.01,0.01,0.02,0.00,0.00,0.00
HOPC1,Russian / Napa,RUSSIAN - HPLAND LOC,0.00,0.00,0.00,0.00,0.00,0.00,0.00,0.00,0.00,0.03,0.12,0.20,0.08,0.05,0.03,0.02,0.03,0.01,0.01,0.02,0.02,0.00,0.00,0.00
CDLC1,Russian / Napa,RUSSIAN - CLVRDL LOC,0.00,0.00,0.00,0.00,0.00,0.00,0.00,0.00,0.00,0.01,0.11,0.21,0.09,0.06,0.03,0.02,0.04,0.01,0.01,0.02,0.02,0.00,0.00,0.00
HEAC1,Russian / Napa,RUSSIAN - HLDSBG LOC,0.00,0.00,0.00,0.00,0.00,0.00,0.00,0.00,0.00,0.00,0.07,0.20,0.12,0.07,0.04,0.03,0.04,0.01,0.01,0.02,0.02,0.00,0.00,0.00
WSDC1,Russian / Napa,DRY CK - LK SONOMA,0.00,0.00,0.00,0.00,0.00,0.00,0.00,0.00,0.00,0.01,0.12,0.27,0.11,0.06,0.04,0.03,0.04,0.02,0.01,0.02,0.02,0.00,0.00,0.00
GUEC1,Russian / Napa,RUSSIAN - GRNVLE LOC,0.00,0.00,0.00,0.00,0.00,0.00,0.00,0.00,0.00,0.00,0.07,0.23,0.12,0.07,0.03,0.03,0.03,0.01,0.01,0.02,0.02,0.00,0.00,0.00
RROC1,Russian / Napa,RUSSIAN - HWY 1 BR,0.00,0.00,0.00,0.00,0.00,0.00,0.00,0.00,0.00,0.00,0.11,0.30,0.14,0.07,0.04,0.04,0.04,0.03,0.01,0.02,0.02,0.00,0.00,0.00
SHEC1,Russian / Napa,NAPA - ST HELENA,0.00,0.00,0.00,0.00,0.00,0.00,0.00,0.00,0.00,0.00,0.03,0.17,0.11,0.07,0.03,0.03,0.03,0.01,0.00,0.01,0.01,0.00,0.00,0.00
APCC1,Russian / Napa,NAPA - NAPA LOC,0.00,0.00,0.00,0.00,0.00,0.00,0.00,0.00,0.00,0.00,0.01,0.14,0.09,0.06,0.02,0.01,0.01,0.00,0.00,0.01,0.01,0.00,0.00,0.00
BSCC1,Russian / Napa,BIG SULPHUR C - CLVD,0.00,0.00,0.00,0.00,0.00,0.00,0.00,0.00,0.00,0.01,0.11,0.22,0.12,0.08,0.05,0.04,0.04,0.02,0.01,0.02,0.02,0.00,0.00,0.00
GEYC1,Russian / Napa,RUSSIAN - GEYSERVLLE,0.00,0.00,0.00,0.00,0.00,0.00,0.00,0.00,0.00,0.00,0.11,0.22,0.10,0.07,0.04,0.03,0.04,0.02,0.01,0.02,0.02,0.00,0.00,0.00
RMKC1,Russian / Napa,MAACAMA CK - KELLOGG,0.00,0.00,0.00,0.00,0.00,0.00,0.00,0.00,0.00,0.00,0.07,0.20,0.12,0.09,0.04,0.03,0.03,0.01,0.01,0.02,0.02,0.00,0.00,0.00
SSAC1,Russian / Napa,SANTA ROSA CK - STS,0.00,0.00,0.00,0.00,0.00,0.00,0.00,0.00,0.00,0.00,0.02,0.17,0.13,0.06,0.03,0.02,0.02,0.00,0.01,0.02,0.02,0.00,0.00,0.00
CTIC1,Russian / Napa,LAGUNA DE SR - ST PT,0.00,0.00,0.00,0.00,0.00,0.00,0.00,0.00,0.00,0.00,0.02,0.15,0.11,0.05,0.01,0.01,0.01,0.00,0.00,0.02,0.01,0.00,0.00,0.00
LSEC1,Russian / Napa,LAGUNA DE SR - SBTPL,0.00,0.00,0.00,0.00,0.00,0.00,0.00,0.00,0.00,0.00,0.03,0.16,0.10,0.04,0.01,0.01,0.01,0.00,0.00,0.01,0.01,0.00,0.00,0.00
MWEC1,Russian / Napa,MARK WEST CK - MRBL,0.00,0.00,0.00,0.00,0.00,0.00,0.00,0.00,0.00,0.00,0.03,0.17,0.12,0.06,0.02,0.02,0.02,0.01,0.00,0.02,0.01,0.00,0.00,0.00
COYC1,South Bay,COYOTE CK - COYOTE R,0.00,0.00,0.00,0.00,0.00,0.00,0.00,0.00,0.00,0.00,0.00,0.00,0.00,0.00,0.00,0.00,0.00,0.00,0.00,0.00,0.00,0.00,0.00,0.00
ANDC1,South Bay,COYOTE CK - ANDR R L,0.00,0.00,0.00,0.00,0.00,0.00,0.00,0.00,0.00,0.00,0.00,0.00,0.00,0.00,0.00,0.00,0.00,0.00,0.00,0.00,0.00,0.00,0.00,0.00
CYEC1,South Bay,COYOTE CK - EDNVLE L,0.00,0.00,0.00,0.00,0.00,0.00,0.00,0.00,0.00,0.00,0.00,0.00,0.00,0.00,0.00,0.00,0.00,0.00,0.00,0.00,0.00,0.00,0.00,0.00
LEXC1,South Bay,LOS GATOS CK - LEX R,0.00,0.00,0.00,0.00,0.00,0.00,0.00,0.00,0.00,0.00,0.00,0.00,0.02,0.00,0.00,0.00,0.00,0.00,0.00,0.00,0.00,0.00,0.00,0.00
GUDC1,South Bay,GUADALUPE - ALMADEN,0.00,0.00,0.00,0.00,0.00,0.00,0.00,0.00,0.00,0.00,0.00,0.00,0.00,0.00,0.00,0.00,0.00,0.00,0.00,0.00,0.00,0.00,0.00,0.00
GSJC1,South Bay,GUADALUPE - SNJOSE L,0.00,0.00,0.00,0.00,0.00,0.00,0.00,0.00,0.00,0.00,0.00,0.00,0.00,0.00,0.00,0.00,0.00,0.00,0.00,0.00,0.00,0.00,0.00,0.00
AHOC1,South Bay,ARROYO HONDO,0.00,0.00,0.00,0.00,0.00,0.00,0.00,0.00,0.00,0.00,0.00,0.00,0.00,0.00,0.00,0.00,0.00,0.00,0.00,0.00,0.01,0.00,0.00,0.00
CVQC1,South Bay,CALAVERAS RESERVOIR,0.00,0.00,0.00,0.00,0.00,0.00,0.00,0.00,0.00,0.00,0.00,0.00,0.01,0.00,0.00,0.00,0.00,0.00,0.00,0.00,0.01,0.00,0.00,0.00
MPTC1,South Bay,ALAMEDA CK - ABV DD,0.00,0.00,0.00,0.00,0.00,0.00,0.00,0.00,0.00,0.00,0.00,0.00,0.00,0.00,0.00,0.00,0.00,0.00,0.00,0.00,0.01,0.00,0.00,0.00
AWEC1,South Bay,ALAMEDA CK - SUNOL,0.00,0.00,0.00,0.00,0.00,0.00,0.00,0.00,0.00,0.00,0.00,0.00,0.01,0.00,0.00,0.00,0.00,0.00,0.00,0.00,0.00,0.00,0.00,0.00
ACSC1,South Bay,SAN ANTONIO CK - SUN,0.00,0.00,0.00,0.00,0.00,0.00,0.00,0.00,0.00,0.00,0.00,0.00,0.00,0.00,0.00,0.00,0.00,0.00,0.00,0.00,0.00,0.00,0.00,0.00
LVKC1,South Bay,ARROYO VALLE-LIVERMR,0.00,0.00,0.00,0.00,0.00,0.00,0.00,0.00,0.00,0.00,0.00,0.00,0.00,0.00,0.00,0.00,0.00,0.00,0.00,0.00,0.00,0.00,0.00,0.00
ALQC1,South Bay,ALAMO CANAL - PLEASA,0.00,0.00,0.00,0.00,0.00,0.00,0.00,0.00,0.00,0.00,0.00,0.00,0.02,0.00,0.00,0.00,0.00,0.00,0.00,0.00,0.01,0.00,0.00,0.00
ADLC1,South Bay,ARROYO DE LA LAGUNA,0.00,0.00,0.00,0.00,0.00,0.00,0.00,0.00,0.00,0.00,0.00,0.00,0.00,0.00,0.00,0.00,0.00,0.00,0.00,0.00,0.00,0.00,0.00,0.00
NILC1,South Bay,ALAMEDA CK - NILES,0.00,0.00,0.00,0.00,0.00,0.00,0.00,0.00,0.00,0.00,0.00,0.00,0.00,0.00,0.00,0.00,0.00,0.00,0.00,0.00,0.00,0.00,0.00,0.00
LRZC1,South Bay,SAN LORENZO CK - HAY,0.00,0.00,0.00,0.00,0.00,0.00,0.00,0.00,0.00,0.00,0.00,0.00,0.02,0.00,0.00,0.00,0.00,0.00,0.00,0.00,0.01,0.00,0.00,0.00
SFCC1,South Bay,SAN FRANCISQUITO CK,0.00,0.00,0.00,0.00,0.00,0.00,0.00,0.00,0.00,0.00,0.00,0.00,0.03,0.00,0.00,0.00,0.00,0.00,0.00,0.00,0.01,0.00,0.00,0.00
GUAC1,South Bay,GUADALUPE RSVR,0.00,0.00,0.00,0.00,0.00,0.00,0.00,0.00,0.00,0.00,0.00,0.00,0.01,0.00,0.00,0.00,0.00,0.00,0.00,0.00,0.00,0.00,0.00,0.00
ALRC1,South Bay,ALMADEN RSVR,0.00,0.00,0.00,0.00,0.00,0.00,0.00,0.00,0.00,0.00,0.00,0.00,0.01,0.00,0.00,0.00,0.00,0.00,0.00,0.00,0.00,0.00,0.00,0.00
CADC1,South Bay,CALERO RSVR,0.00,0.00,0.00,0.00,0.00,0.00,0.00,0.00,0.00,0.00,0.00,0.00,0.00,0.00,0.00,0.00,0.00,0.00,0.00,0.00,0.00,0.00,0.00,0.00
CMIC1,South Bay,COYOTE CK - CA 237,0.00,0.00,0.00,0.00,0.00,0.00,0.00,0.00,0.00,0.00,0.00,0.00,0.00,0.00,0.00,0.00,0.00,0.00,0.00,0.00,0.01,0.00,0.00,0.00
LWDC1,Salinas / Pajaro,SAN ANTONIO - LOCKWD,0.00,0.00,0.00,0.00,0.00,0.00,0.00,0.00,0.00,0.00,0.00,0.00,0.00,0.00,0.00,0.00,0.00,0.00,0.00,0.00,0.00,0.00,0.00,0.00
SNRC1,Salinas / Pajaro,SAN ANTONIO - SA RES,0.00,0.00,0.00,0.00,0.00,0.00,0.00,0.00,0.00,0.00,0.00,0.00,0.00,0.00,0.00,0.00,0.00,0.00,0.00,0.00,0.00,0.00,0.00,0.00
NBYC1,Salinas / Pajaro,NACIMIENTO - SAPAQUE,0.00,0.00,0.00,0.00,0.00,0.00,0.00,0.00,0.00,0.00,0.00,0.00,0.00,0.00,0.00,0.00,0.00,0.00,0.00,0.00,0.00,0.00,0.00,0.00
NACC1,Salinas / Pajaro,NACIMIENTO - NAC RES,0.00,0.00,0.00,0.00,0.00,0.00,0.00,0.00,0.00,0.00,0.00,0.00,0.00,0.00,0.00,0.00,0.00,0.00,0.00,0.00,0.00,0.00,0.00,0.00
PRBC1,Salinas / Pajaro,SALINAS - PASO RBLES,0.00,0.00,0.00,0.00,0.00,0.00,0.00,0.00,0.00,0.00,0.00,0.00,0.00,0.00,0.00,0.00,0.00,0.00,0.00,0.00,0.00,0.00,0.00,0.00
ESRC1,Salinas / Pajaro,ESTRELLA - ESTRELLA,0.00,0.00,0.00,0.00,0.00,0.00,0.00,0.00,0.00,0.00,0.00,0.00,0.00,0.00,0.00,0.00,0.00,0.00,0.00,0.00,0.00,0.00,0.00,0.00
BRDC1,Salinas / Pajaro,SALINAS - BRDLEY LOC,0.00,0.00,0.00,0.00,0.00,0.00,0.00,0.00,0.00,0.00,0.00,0.00,0.00,0.00,0.00,0.00,0.00,0.00,0.00,0.00,0.00,0.00,0.00,0.00
KCYC1,Salinas / Pajaro,SAN LORENZO CK - KCY,0.00,0.00,0.00,0.00,0.00,0.00,0.00,0.00,0.00,0.00,0.00,0.00,0.00,0.00,0.00,0.00,0.00,0.00,0.00,0.00,0.00,0.00,0.00,0.00
SDDC1,Salinas / Pajaro,SALINAS - SOLDAD LOC,0.00,0.00,0.00,0.00,0.00,0.00,0.00,0.00,0.00,0.00,0.00,0.00,0.00,0.00,0.00,0.00,0.00,0.00,0.00,0.00,0.00,0.00,0.00,0.00
SOLC1,Salinas / Pajaro,ARROYO SECO - SOLDAD,0.00,0.00,0.00,0.00,0.00,0.00,0.00,0.00,0.00,0.00,0.00,0.00,0.00,0.00,0.00,0.00,0.00,0.00,0.00,0.00,0.00,0.00,0.00,0.00
CHLC1,Salinas / Pajaro,SALINAS - CHUALR LOC,0.00,0.00,0.00,0.00,0.00,0.00,0.00,0.00,0.00,0.00,0.00,0.00,0.00,0.00,0.00,0.00,0.00,0.00,0.00,0.00,0.00,0.00,0.00,0.00
SPRC1,Salinas / Pajaro,SALINAS - SPRKLS LOC,0.00,0.00,0.00,0.00,0.00,0.00,0.00,0.00,0.00,0.00,0.00,0.00,0.00,0.00,0.00,0.00,0.00,0.00,0.00,0.00,0.00,0.00,0.00,0.00
RDRC1,Salinas / Pajaro,CARMEL - ROBLES DRIO,0.00,0.00,0.00,0.00,0.00,0.00,0.00,0.00,0.00,0.00,0.00,0.00,0.00,0.00,0.00,0.00,0.00,0.00,0.00,0.00,0.00,0.00,0.00,0.00
BSRC1,Salinas / Pajaro,BIG SUR - BIG SUR,0.00,0.00,0.00,0.00,0.00,0.00,0.00,0.00,0.00,0.00,0.00,0.00,0.00,0.00,0.00,0.00,0.00,0.00,0.00,0.00,0.00,0.00,0.00,0.00
PIIC1,Salinas / Pajaro,SAN BENITO - WC SCHL,0.00,0.00,0.00,0.00,0.00,0.00,0.00,0.00,0.00,0.00,0.00,0.00,0.00,0.00,0.00,0.00,0.00,0.00,0.00,0.00,0.00,0.00,0.00,0.00
TESC1,Salinas / Pajaro,TRES PINOS CK,0.00,0.00,0.00,0.00,0.00,0.00,0.00,0.00,0.00,0.00,0.00,0.00,0.00,0.00,0.00,0.00,0.00,0.00,0.00,0.00,0.00,0.00,0.00,0.00
HOSC1,Salinas / Pajaro,SAN BENITO - HOL LOC,0.00,0.00,0.00,0.00,0.00,0.00,0.00,0.00,0.00,0.00,0.00,0.00,0.00,0.00,0.00,0.00,0.00,0.00,0.00,0.00,0.00,0.00,0.00,0.00
PHOC1,Salinas / Pajaro,PACHECO CK - DUNVLL,0.00,0.00,0.00,0.00,0.00,0.00,0.00,0.00,0.00,0.00,0.00,0.00,0.00,0.00,0.00,0.00,0.00,0.00,0.00,0.00,0.00,0.00,0.00,0.00
AROC1,Salinas / Pajaro,PAJARO - CHITNDN LOC,0.00,0.00,0.00,0.00,0.00,0.00,0.00,0.00,0.00,0.00,0.00,0.00,0.00,0.00,0.00,0.00,0.00,0.00,0.00,0.00,0.00,0.00,0.00,0.00
BTEC1,Salinas / Pajaro,SAN LORENZO - BIG TR,0.00,0.00,0.00,0.00,0.00,0.00,0.00,0.00,0.00,0.00,0.00,0.00,0.04,0.01,0.01,0.01,0.01,0.00,0.01,0.00,0.01,0.00,0.00,0.00
CYBC1,Southern California,CUYAMA - BUCKHORN,0.00,0.00,0.00,0.00,0.00,0.00,0.00,0.00,0.00,0.00,0.00,0.00,0.00,0.00,0.00,0.00,0.00,0.00,0.00,0.00,0.00,0.00,0.00,0.00
HSAC1,Southern California,HUASNA - ARROYO GRAN,0.00,0.00,0.00,0.00,0.00,0.00,0.00,0.00,0.00,0.00,0.00,0.00,0.00,0.00,0.00,0.00,0.00,0.00,0.00,0.00,0.00,0.00,0.00,0.00
TWDC1,Southern California,CUYAMA - TWITCHELL,0.00,0.00,0.00,0.00,0.00,0.00,0.00,0.00,0.00,0.00,0.00,0.00,0.00,0.00,0.00,0.00,0.00,0.00,0.00,0.00,0.00,0.00,0.00,0.00
SSQC1,Southern California,SISQUOC - SISQUOC,0.00,0.00,0.00,0.00,0.00,0.00,0.00,0.00,0.00,0.00,0.00,0.00,0.00,0.00,0.00,0.00,0.00,0.00,0.00,0.00,0.00,0.00,0.00,0.00
GARC1,Southern California,SISQUOC - GAREY,0.00,0.00,0.00,0.00,0.00,0.00,0.00,0.00,0.00,0.00,0.00,0.00,0.00,0.00,0.00,0.00,0.00,0.00,0.00,0.00,0.00,0.00,0.00,0.00
LLYC1,Southern California,SANTA YNEZ - LL CYN,0.00,0.00,0.00,0.00,0.00,0.00,0.00,0.00,0.00,0.00,0.00,0.00,0.00,0.00,0.00,0.00,0.00,0.00,0.00,0.00,0.00,0.00,0.00,0.00
CCHC1,Southern California,SANTA YNEZ - CACHUMA,0.00,0.00,0.00,0.00,0.00,0.00,0.00,0.00,0.00,0.00,0.00,0.00,0.00,0.00,0.00,0.00,0.00,0.00,0.00,0.00,0.00,0.00,0.00,0.00
SLUC1,Southern California,SALSIPUDES - LOMPOC,0.00,0.00,0.00,0.00,0.00,0.00,0.00,0.00,0.00,0.00,0.00,0.00,0.00,0.00,0.00,0.00,0.00,0.00,0.00,0.00,0.00,0.00,0.00,0.00
NRWC1,Southern California,SANTA YNEZ - LMPOC L,0.00,0.00,0.00,0.00,0.00,0.00,0.00,0.00,0.00,0.00,0.00,0.00,0.00,0.00,0.00,0.00,0.00,0.00,0.00,0.00,0.00,0.00,0.00,0.00
VRVC1,Southern California,VENTURA - VENTURA,0.00,0.00,0.00,0.00,0.00,0.00,0.00,0.00,0.00,0.00,0.00,0.00,0.00,0.00,0.00,0.00,0.00,0.00,0.00,0.00,0.00,0.00,0.00,0.00
PYMC1,Southern California,PYRAMID LAKE - GORMN,0.00,0.00,0.00,0.00,0.00,0.00,0.00,0.00,0.00,0.00,0.00,0.00,0.00,0.00,0.00,0.00,0.00,0.00,0.00,0.00,0.00,0.00,0.00,0.00
LKPC1,Southern California,LAKE PIRU - PIRU LOC,0.00,0.00,0.00,0.00,0.00,0.00,0.00,0.00,0.00,0.00,0.00,0.00,0.00,0.00,0.00,0.00,0.00,0.00,0.00,0.00,0.00,0.00,0.00,0.00
SCPC1,Southern California,SANTA CLARA - PIRU,0.00,0.00,0.00,0.00,0.00,0.00,0.00,0.00,0.00,0.00,0.00,0.00,0.00,0.00,0.00,0.00,0.00,0.00,0.00,0.00,0.00,0.00,0.00,0.00
SESC1,Southern California,SESPE CK - FILLMORE,0.00,0.00,0.00,0.00,0.00,0.00,0.00,0.00,0.00,0.00,0.00,0.00,0.00,0.00,0.00,0.00,0.00,0.00,0.00,0.00,0.00,0.00,0.00,0.00
VCAC1,Southern California,SANTA CLARA - VICT L,0.00,0.00,0.00,0.00,0.00,0.00,0.00,0.00,0.00,0.00,0.00,0.00,0.00,0.00,0.00,0.00,0.00,0.00,0.00,0.00,0.00,0.00,0.00,0.00
CLLC1,Southern California,CALLEGUAS CRK,0.00,0.00,0.00,0.00,0.00,0.00,0.00,0.00,0.00,0.00,0.00,0.00,0.00,0.00,0.00,0.00,0.00,0.00,0.00,0.00,0.00,0.00,0.00,0.00
HANC1,Southern California,HANSEN RSVR,0.00,0.00,0.00,0.00,0.00,0.00,0.00,0.00,0.00,0.00,0.00,0.00,0.00,0.00,0.00,0.00,0.00,0.00,0.00,0.00,0.00,0.00,0.00,0.00
BTJC1,Southern California,BIG TUJUNGA RSVR,0.00,0.00,0.00,0.00,0.00,0.00,0.00,0.00,0.00,0.00,0.00,0.00,0.00,0.00,0.00,0.00,0.00,0.00,0.00,0.00,0.00,0.00,0.00,0.00
SRWC1,Southern California,SANTA ANA - MENTONE,0.00,0.00,0.00,0.00,0.00,0.00,0.00,0.00,0.00,0.00,0.00,0.00,0.00,0.00,0.00,0.00,0.00,0.00,0.00,0.00,0.00,0.00,0.00,0.00
TIMC1,Southern California,TIMOTEO CK,0.00,0.00,0.00,0.00,0.00,0.00,0.00,0.00,0.00,0.00,0.00,0.00,0.00,0.00,0.00,0.00,0.00,0.00,0.00,0.00,0.00,0.00,0.00,0.00
SREC1,Southern California,SANTA ANA - E ST LOC,0.00,0.00,0.00,0.00,0.00,0.00,0.00,0.00,0.00,0.00,0.00,0.00,0.00,0.00,0.00,0.00,0.00,0.00,0.00,0.00,0.00,0.00,0.00,0.00
KNBC1,Southern California,CAJON CK - KEENBROOK,0.00,0.00,0.00,0.00,0.00,0.00,0.00,0.00,0.00,0.00,0.00,0.00,0.00,0.00,0.00,0.00,0.00,0.00,0.00,0.00,0.00,0.00,0.00,0.00
YTLC1,Southern California,LYTLE CK - COLTON,0.00,0.00,0.00,0.00,0.00,0.00,0.00,0.00,0.00,0.00,0.00,0.00,0.00,0.00,0.00,0.00,0.00,0.00,0.00,0.00,0.00,0.00,0.00,0.00
MWXC1,Southern California,SANTA ANA - MWD XING,0.00,0.00,0.00,0.00,0.00,0.00,0.00,0.00,0.00,0.00,0.00,0.00,0.00,0.00,0.00,0.00,0.00,0.00,0.00,0.00,0.00,0.00,0.00,0.00
TSLC1,Southern California,TEMESCAL CK,0.00,0.00,0.00,0.00,0.00,0.00,0.00,0.00,0.00,0.00,0.00,0.00,0.00,0.00,0.00,0.00,0.00,0.00,0.00,0.00,0.00,0.00,0.00,0.00
ADOC1,Southern California,SANTA ANA - PRADO L,0.00,0.00,0.00,0.00,0.00,0.00,0.00,0.00,0.00,0.00,0.00,0.00,0.00,0.00,0.00,0.00,0.00,0.00,0.00,0.00,0.00,0.00,0.00,0.00
TEKC1,San Diego / Inland,TEMECULA CK - AGUAGA,0.00,0.00,0.00,0.00,0.00,0.00,0.00,0.00,0.00,0.00,0.00,0.00,0.00,0.00,0.00,0.00,0.00,0.00,0.00,0.00,0.00,0.00,0.00,0.00
VLKC1,San Diego / Inland,VAIL LAKE LOCAL,0.00,0.00,0.00,0.00,0.00,0.00,0.00,0.00,0.00,0.00,0.00,0.00,0.00,0.00,0.00,0.00,0.00,0.00,0.00,0.00,0.00,0.00,0.00,0.00
MUTC1,San Diego / Inland,MURIETTA CK,0.00,0.00,0.00,0.00,0.00,0.00,0.00,0.00,0.00,0.00,0.00,0.00,0.00,0.00,0.00,0.00,0.00,0.00,0.00,0.00,0.00,0.00,0.00,0.00
SMHC1,San Diego / Inland,SANTA MARG - TEMECUL,0.00,0.00,0.00,0.00,0.00,0.00,0.00,0.00,0.00,0.00,0.00,0.00,0.00,0.00,0.00,0.00,0.00,0.00,0.00,0.00,0.00,0.00,0.00,0.00
YDRC1,San Diego / Inland,SANTA MARG - YSIDORA,0.00,0.00,0.00,0.00,0.00,0.00,0.00,0.00,0.00,0.00,0.00,0.00,0.00,0.00,0.00,0.00,0.00,0.00,0.00,0.00,0.00,0.00,0.00,0.00
HAWC1,San Diego / Inland,SAN LUIS REY-HENSHAW,0.00,0.00,0.00,0.00,0.00,0.00,0.00,0.00,0.00,0.00,0.00,0.00,0.00,0.00,0.00,0.00,0.00,0.00,0.00,0.00,0.00,0.00,0.00,0.00
SHRC1,San Diego / Inland,SAN LUIS REY - SHEAR,0.00,0.00,0.00,0.00,0.00,0.00,0.00,0.00,0.00,0.00,0.00,0.00,0.00,0.00,0.00,0.00,0.00,0.00,0.00,0.00,0.00,0.00,0.00,0.00
SLOC1,San Diego / Inland,SAN LUIS REY-OCNSD L,0.00,0.00,0.00,0.00,0.00,0.00,0.00,0.00,0.00,0.00,0.00,0.00,0.00,0.00,0.00,0.00,0.00,0.00,0.00,0.00,0.00,0.00,0.00,0.00
SUDC1,San Diego / Inland,SUTHERLAND RSVR,0.00,0.00,0.00,0.00,0.00,0.00,0.00,0.00,0.00,0.00,0.00,0.00,0.00,0.00,0.00,0.00,0.00,0.00,0.00,0.00,0.00,0.00,0.00,0.00
HODC1,San Diego / Inland,HODGES RSVR,0.00,0.00,0.00,0.00,0.00,0.00,0.00,0.00,0.00,0.00,0.00,0.00,0.00,0.00,0.00,0.00,0.00,0.00,0.00,0.00,0.00,0.00,0.00,0.00
ELPC1,San Diego / Inland,SAN DIEGO - EL CAPTN,0.00,0.00,0.00,0.00,0.00,0.00,0.00,0.00,0.00,0.00,0.00,0.00,0.00,0.00,0.00,0.00,0.00,0.00,0.00,0.00,0.00,0.00,0.00,0.00
SVIC1,San Diego / Inland,SAN VICENTE CK - SVD,0.00,0.00,0.00,0.00,0.00,0.00,0.00,0.00,0.00,0.00,0.00,0.00,0.00,0.00,0.00,0.00,0.00,0.00,0.00,0.00,0.00,0.00,0.00,0.00
FSNC1,San Diego / Inland,SAN DIEGO - FSHVLY L,0.00,0.00,0.00,0.00,0.00,0.00,0.00,0.00,0.00,0.00,0.00,0.00,0.00,0.00,0.00,0.00,0.00,0.00,0.00,0.00,0.00,0.00,0.00,0.00
SVWC1,San Diego / Inland,WF MOJAVE - SILVERWO,0.00,0.00,0.00,0.00,0.00,0.00,0.00,0.00,0.00,0.00,0.00,0.00,0.00,0.00,0.00,0.00,0.00,0.00,0.00,0.00,0.00,0.00,0.00,0.00
WFMC1,San Diego / Inland,WEST FORK MOJAVE RVR,0.00,0.00,0.00,0.00,0.00,0.00,0.00,0.00,0.00,0.00,0.00,0.00,0.00,0.00,0.00,0.00,0.00,0.00,0.00,0.00,0.00,0.00,0.00,0.00
DKHC1,San Diego / Inland,DEEP CK - HESPERIA,0.00,0.00,0.00,0.00,0.00,0.00,0.00,0.00,0.00,0.00,0.00,0.00,0.00,0.00,0.00,0.00,0.00,0.00,0.00,0.00,0.00,0.00,0.00,0.00
MVDC1,San Diego / Inland,,0.00,0.00,0.00,0.00,0.00,0.00,0.00,0.00,0.00,0.00,0.00,0.00,0.00,0.00,0.00,0.00,0.00,0.00,0.00,0.00,0.00,0.00,0.00,0.00
MVVC1,San Diego / Inland,MOJAVE - VICTRVL LOC,0.00,0.00,0.00,0.00,0.00,0.00,0.00,0.00,0.00,0.00,0.00,0.00,0.00,0.00,0.00,0.00,0.00,0.00,0.00,0.00,0.00,0.00,0.00,0.00
MBRC1,San Diego / Inland,,0.00,0.00,0.00,0.00,0.00,0.00,0.00,0.00,0.00,0.00,0.00,0.00,0.00,0.00,0.00,0.00,0.00,0.00,0.00,0.00,0.00,0.00,0.00,0.00
MSYC1,San Diego / Inland,MISSION CK-DESERT HS,0.00,0.00,0.00,0.00,0.00,0.00,0.00,0.00,0.00,0.00,0.00,0.00,0.00,0.00,0.00,0.00,0.00,0.00,0.00,0.00,0.00,0.00,0.00,0.00
OLKC1,San Diego / Inland,OTAY RSVR,0.00,0.00,0.00,0.00,0.00,0.00,0.00,0.00,0.00,0.00,0.00,0.00,0.00,0.00,0.00,0.00,0.00,0.00,0.00,0.00,0.00,0.00,0.00,0.00
BRTC1,San Diego / Inland,BARRETT RSVR,0.00,0.00,0.00,0.00,0.00,0.00,0.00,0.00,0.00,0.00,0.00,0.00,0.00,0.00,0.00,0.00,0.00,0.00,0.00,0.00,0.00,0.00,0.00,0.00
DEPC1,Upper Sacramento,DEEP CK - PALM DESRT,0.00,0.00,0.00,0.00,0.00,0.00,0.00,0.00,0.00,0.00,0.00,0.00,0.00,0.00,0.00,0.00,0.00,0.00,0.00,0.00,0.00,0.00,0.00,0.00
DLTC1,Upper Sacramento,SAC - DELTA,0.00,0.00,0.00,0.00,0.00,0.00,0.00,0.00,0.00,0.07,0.29,0.43,0.14,0.08,0.09,0.08,0.06,0.03,0.03,0.03,0.04,0.04,0.04,0.05
MMCC1,Upper Sacramento,MCCLOUD - MCCLOUD,0.00,0.00,0.00,0.00,0.00,0.00,0.00,0.00,0.00,0.01,0.17,0.30,0.12,0.06,0.07,0.06,0.04,0.02,0.02,0.02,0.03,0.03,0.02,0.02
PCNC1,Upper Sacramento,PALM CANYON-PALM SPR,0.00,0.00,0.00,0.00,0.00,0.00,0.00,0.00,0.00,0.00,0.00,0.00,0.00,0.00,0.00,0.00,0.00,0.00,0.00,0.00,0.00,0.00,0.00,0.00
MSSC1,Upper Sacramento,MC CLOUD - MC CLOUD,0.00,0.00,0.00,0.00,0.00,0.00,0.00,0.00,0.00,0.04,0.27,0.43,0.16,0.09,0.10,0.09,0.07,0.04,0.03,0.03,0.05,0.04,0.04,0.05
WWIC1,Upper Sacramento,WHITEWATR-R MIRAGE L,0.00,0.00,0.00,0.00,0.00,0.00,0.00,0.00,0.00,0.00,0.00,0.00,0.00,0.00,0.00,0.00,0.00,0.00,0.00,0.00,0.00,0.00,0.00,0.00
PLYC1,Upper Sacramento,SF PIT - LIKELY,0.00,0.02,0.02,0.00,0.00,0.00,0.00,0.00,0.00,0.00,0.00,0.01,0.03,0.02,0.00,0.00,0.00,0.00,0.00,0.00,0.00,0.00,0.00,0.00
WTIC1,Upper Sacramento,WHITEWATR-INDIO LOC,0.00,0.00,0.00,0.00,0.00,0.00,0.00,0.00,0.00,0.00,0.00,0.00,0.00,0.00,0.00,0.00,0.00,0.00,0.00,0.00,0.00,0.00,0.00,0.00
EFBC1,Upper Sacramento,ELDERBERRY FOREBAY,0.00,0.00,0.00,0.00,0.00,0.00,0.00,0.00,0.00,0.00,0.00,0.00,0.00,0.00,0.00,0.00,0.00,0.00,0.00,0.00,0.00,0.00,0.00,0.00
CNBC1,Upper Sacramento,PIT - CANBY LOCAL,0.00,0.01,0.01,0.00,0.00,0.00,0.00,0.00,0.00,0.00,0.01,0.03,0.04,0.02,0.00,0.00,0.00,0.00,0.00,0.00,0.00,0.00,0.00,0.00
PITC1,Upper Sacramento,PIT - MNTGMRY CK LOC,0.00,0.00,0.00,0.00,0.00,0.00,0.00,0.00,0.00,0.00,0.06,0.16,0.07,0.04,0.02,0.02,0.01,0.01,0.00,0.01,0.01,0.01,0.00,0.00
CSKC1,Upper Sacramento,LAKE CASTAIC,0.00,0.00,0.00,0.00,0.00,0.00,0.00,0.00,0.00,0.00,0.00,0.00,0.00,0.00,0.00,0.00,0.00,0.00,0.00,0.00,0.00,0.00,0.00,0.00
SHDC1,Upper Sacramento,SAC - SHASTA LOC,0.00,0.00,0.00,0.00,0.00,0.00,0.00,0.00,0.00,0.08,0.37,0.49,0.21,0.13,0.14,0.10,0.08,0.06,0.04,0.03,0.06,0.05,0.04,0.04
KWKC1,Upper Sacramento,SACRAMENTO - KESWICK,0.00,0.00,0.00,0.00,0.00,0.00,0.00,0.00,0.00,0.10,0.41,0.42,0.17,0.12,0.12,0.08,0.05,0.05,0.03,0.02,0.05,0.03,0.03,0.02
WHSC1,Upper Sacramento,CLEAR CK - WHSKYTOWN,0.00,0.00,0.00,0.00,0.00,0.00,0.00,0.00,0.00,0.12,0.36,0.39,0.14,0.10,0.11,0.08,0.06,0.04,0.03,0.03,0.05,0.04,0.03,0.03
RDGC1,Upper Sacramento,CLEAR CK - IGO,0.00,0.00,0.00,0.00,0.00,0.00,0.00,0.00,0.00,0.09,0.37,0.36,0.14,0.11,0.12,0.05,0.05,0.04,0.03,0.02,0.04,0.03,0.02,0.01
CWCC1,Upper Sacramento,COW CK - MILLVILLE,0.00,0.00,0.00,0.00,0.00,0.00,0.00,0.00,0.00,0.02,0.27,0.35,0.16,0.11,0.09,0.06,0.05,0.04,0.02,0.02,0.05,0.03,0.02,0.02
COTC1,Upper Sacramento,BATTLE CK - COTNWD,0.00,0.00,0.00,0.00,0.00,0.00,0.00,0.00,0.00,0.00,0.18,0.32,0.14,0.08,0.05,0.03,0.03,0.01,0.01,0.01,0.04,0.02,0.01,0.00
CWAC1,Upper Sacramento,COTTONWOOD CK - CTWD,0.00,0.00,0.00,0.00,0.00,0.00,0.00,0.00,0.00,0.07,0.24,0.20,0.08,0.07,0.06,0.02,0.02,0.01,0.01,0.01,0.02,0.01,0.00,0.00
BDBC1,Upper Sacramento,SAC - BEND BRDG LOC,0.00,0.00,0.00,0.00,0.00,0.00,0.00,0.00,0.00,0.02,0.25,0.27,0.12,0.09,0.07,0.03,0.03,0.02,0.01,0.01,0.03,0.01,0.01,0.00
EDCC1,Upper Sacramento,ELDER CK - PASKENTA,0.00,0.00,0.00,0.00,0.00,0.00,0.00,0.00,0.00,0.05,0.18,0.18,0.06,0.06,0.03,0.01,0.00,0.01,0.00,0.00,0.01,0.00,0.00,0.00
TEHC1,Upper Sacramento,SAC - TEHAMA LOC,0.00,0.00,0.00,0.00,0.00,0.00,0.00,0.00,0.00,0.00,0.16,0.19,0.07,0.06,0.03,0.01,0.01,0.00,0.00,0.01,0.02,0.00,0.00,0.00
TCRC1,Upper Sacramento,THOMES CK - PASKENTA,0.00,0.00,0.00,0.00,0.00,0.00,0.00,0.00,0.00,0.09,0.20,0.20,0.07,0.06,0.04,0.01,0.01,0.01,0.00,0.01,0.02,0.01,0.00,0.00
MLMC1,Upper Sacramento,MILL CK - LS MOLINOS,0.00,0.00,0.00,0.00,0.00,0.00,0.00,0.00,0.00,0.00,0.17,0.34,0.16,0.08,0.05,0.04,0.04,0.02,0.01,0.01,0.04,0.01,0.02,0.00
DCVC1,Upper Sacramento,DEER CK - VINA,0.00,0.00,0.00,0.00,0.00,0.00,0.00,0.00,0.00,0.00,0.15,0.31,0.17,0.08,0.05,0.04,0.04,0.02,0.01,0.01,0.03,0.01,0.01,0.00
VWBC1,Upper Sacramento,SAC - VINA WDSON LOC,0.00,0.00,0.00,0.00,0.00,0.00,0.00,0.00,0.00,0.00,0.13,0.17,0.06,0.04,0.02,0.01,0.01,0.00,0.00,0.00,0.01,0.00,0.00,0.00
HKCC1,Upper Sacramento,BIG CHICO CK - CHICO,0.00,0.00,0.00,0.00,0.00,0.00,0.00,0.00,0.00,0.00,0.17,0.34,0.19,0.09,0.05,0.06,0.06,0.03,0.01,0.01,0.05,0.01,0.01,0.00
BKCC1,Upper Sacramento,BUTTE CK - CHICO,0.00,0.00,0.00,0.00,0.00,0.00,0.00,0.00,0.00,0.00,0.17,0.36,0.21,0.10,0.06,0.07,0.08,0.03,0.01,0.01,0.05,0.02,0.01,0.00
EPRC1,Upper Sacramento,LTL STONY - EAST PK,0.00,0.00,0.00,0.00,0.00,0.00,0.00,0.00,0.00,0.01,0.08,0.13,0.06,0.03,0.01,0.00,0.00,0.00,0.00,0.01,0.01,0.00,0.00,0.00
SGEC1,Upper Sacramento,STONY CK - STNYG LOC,0.00,0.00,0.00,0.00,0.00,0.00,0.00,0.00,0.00,0.02,0.11,0.15,0.07,0.04,0.01,0.01,0.01,0.01,0.00,0.01,0.01,0.00,0.00,0.00
BLBC1,Upper Sacramento,STONY CK - BLK BUTTE,0.00,0.00,0.00,0.00,0.00,0.00,0.00,0.00,0.00,0.04,0.13,0.15,0.05,0.04,0.01,0.00,0.00,0.00,0.00,0.00,0.01,0.00,0.00,0.00
ORFC1,Upper Sacramento,SAC - ORD FERRY LOC,0.00,0.00,0.00,0.00,0.00,0.00,0.00,0.00,0.00,0.00,0.12,0.18,0.07,0.04,0.02,0.01,0.01,0.00,0.00,0.00,0.02,0.00,0.00,0.00
PLLC1,Feather / Yuba,NF FEATHER - ALMANOR,0.00,0.00,0.00,0.00,0.00,0.00,0.00,0.00,0.00,0.00,0.05,0.18,0.15,0.06,0.02,0.02,0.01,0.01,0.00,0.01,0.02,0.00,0.01,0.00
IIFC1,Feather / Yuba,INDIAN CK - IND FALL,0.00,0.00,0.00,0.00,0.00,0.00,0.00,0.00,0.00,0.00,0.00,0.07,0.10,0.03,0.00,0.00,0.00,0.00,0.00,0.00,0.01,0.00,0.00,0.00
MFTC1,Feather / Yuba,MF FEATHER - PORTOLA,0.00,0.00,0.00,0.00,0.00,0.00,0.00,0.00,0.00,0.00,0.00,0.02,0.06,0.03,0.00,0.00,0.00,0.00,0.00,0.00,0.00,0.00,0.00,0.00
SCBC1,Feather / Yuba,SPANISH CK - KEDDIE,0.00,0.00,0.00,0.00,0.00,0.00,0.00,0.00,0.00,0.00,0.04,0.16,0.18,0.06,0.02,0.02,0.02,0.00,0.01,0.01,0.02,0.00,0.00,0.00
NFEC1,Feather / Yuba,EB OF NF FEATHER,0.00,0.00,0.00,0.00,0.00,0.00,0.00,0.00,0.00,0.00,0.06,0.19,0.17,0.07,0.03,0.02,0.02,0.00,0.01,0.01,0.02,0.00,0.00,0.00
PLGC1,Feather / Yuba,NF FEATHER - PULGA L,0.00,0.00,0.00,0.00,0.00,0.00,0.00,0.00,0.00,0.00,0.13,0.30,0.22,0.10,0.06,0.06,0.06,0.02,0.01,0.01,0.04,0.01,0.02,0.01
WBGC1,Feather / Yuba,WB FEATHER - MAGALIA,0.00,0.00,0.00,0.00,0.00,0.00,0.00,0.00,0.00,0.00,0.19,0.40,0.25,0.13,0.08,0.09,0.10,0.04,0.02,0.01,0.06,0.03,0.02,0.01
MRMC1,Feather / Yuba,MF FEATHER - MERMC L,0.00,0.00,0.00,0.00,0.00,0.00,0.00,0.00,0.00,0.00,0.05,0.20,0.21,0.08,0.03,0.03,0.04,0.01,0.01,0.01,0.02,0.01,0.01,0.00
ORDC1,Feather / Yuba,FEATHER - OROVILLE L,0.00,0.00,0.00,0.00,0.00,0.00,0.00,0.00,0.00,0.00,0.12,0.33,0.25,0.12,0.06,0.07,0.08,0.03,0.01,0.01,0.05,0.02,0.01,0.00
HCTC1,Feather / Yuba,SF HONCUT - BANGOR,0.00,0.00,0.00,0.00,0.00,0.00,0.00,0.00,0.00,0.00,0.06,0.25,0.17,0.08,0.04,0.04,0.05,0.02,0.01,0.01,0.04,0.01,0.00,0.00
GYRC1,Feather / Yuba,NF YUBA - GOODYR BAR,0.00,0.00,0.00,0.00,0.00,0.00,0.00,0.00,0.00,0.00,0.03,0.20,0.24,0.11,0.04,0.03,0.05,0.01,0.01,0.01,0.02,0.01,0.00,0.00
NBBC1,Feather / Yuba,NF YUBA - N BULRDBAR,0.00,0.00,0.00,0.00,0.00,0.00,0.00,0.00,0.00,0.00,0.07,0.27,0.28,0.13,0.06,0.06,0.08,0.03,0.01,0.01,0.04,0.02,0.01,0.00
JKRC1,Feather / Yuba,JACKSON MEADOWS,0.00,0.00,0.00,0.00,0.00,0.00,0.00,0.00,0.00,0.00,0.01,0.15,0.20,0.11,0.03,0.03,0.03,0.00,0.00,0.00,0.02,0.00,0.00,0.00
OURC1,Feather / Yuba,MF YUBA - BL OUR HSE,0.00,0.00,0.00,0.00,0.00,0.00,0.00,0.00,0.00,0.00,0.03,0.23,0.25,0.11,0.05,0.04,0.06,0.02,0.01,0.01,0.02,0.01,0.01,0.00
FOCC1,Feather / Yuba,FORDYCE LAKE,0.00,0.00,0.00,0.00,0.00,0.00,0.00,0.00,0.00,0.00,0.00,0.15,0.22,0.11,0.03,0.03,0.03,0.00,0.00,0.00,0.02,0.01,0.00,0.00
SUAC1,Feather / Yuba,LAKE SPAULDING,0.00,0.00,0.00,0.00,0.00,0.00,0.00,0.00,0.00,0.00,0.00,0.16,0.23,0.11,0.04,0.03,0.04,0.01,0.00,0.01,0.02,0.01,0.00,0.00
BWKC1,Feather / Yuba,CANYON CK - BOWMAN D,0.00,0.00,0.00,0.00,0.00,0.00,0.00,0.00,0.00,0.00,0.01,0.20,0.24,0.12,0.04,0.03,0.04,0.01,0.01,0.01,0.02,0.01,0.00,0.00
JNSC1,Feather / Yuba,SF YUBA - JONES BAR,0.00,0.00,0.00,0.00,0.00,0.00,0.00,0.00,0.00,0.00,0.02,0.22,0.22,0.10,0.04,0.04,0.06,0.01,0.01,0.01,0.03,0.01,0.01,0.00
HLEC1,Feather / Yuba,YUBA - ENGLBRHT  LOC,0.00,0.00,0.00,0.00,0.00,0.00,0.00,0.00,0.00,0.00,0.04,0.20,0.18,0.08,0.04,0.04,0.05,0.02,0.01,0.01,0.03,0.01,0.01,0.00
DCSC1,Feather / Yuba,DEER CK - SMARTVILLE,0.00,0.00,0.00,0.00,0.00,0.00,0.00,0.00,0.00,0.00,0.02,0.18,0.16,0.08,0.03,0.03,0.05,0.01,0.01,0.01,0.03,0.01,0.00,0.00
DMCC1,Feather / Yuba,DRY CK - COLLINS LK,0.00,0.00,0.00,0.00,0.00,0.00,0.00,0.00,0.00,0.00,0.06,0.24,0.19,0.08,0.04,0.05,0.05,0.02,0.01,0.01,0.04,0.01,0.00,0.00
MRYC1,Feather / Yuba,YUBA - MARYSVLL LOC,0.00,0.00,0.00,0.00,0.00,0.00,0.00,0.00,0.00,0.00,0.03,0.14,0.10,0.04,0.02,0.01,0.01,0.00,0.00,0.00,0.02,0.00,0.00,0.00
YUBC1,Feather / Yuba,FEATHER - YUBA CTY L,0.00,0.00,0.00,0.00,0.00,0.00,0.00,0.00,0.00,0.00,0.05,0.18,0.09,0.04,0.02,0.02,0.02,0.00,0.00,0.00,0.02,0.00,0.00,0.00
ROLC1,Feather / Yuba,BEAR - ROLLINS RES,0.00,0.00,0.00,0.00,0.00,0.00,0.00,0.00,0.00,0.00,0.01,0.19,0.18,0.09,0.04,0.04,0.06,0.01,0.01,0.01,0.03,0.01,0.01,0.00
CFWC1,Feather / Yuba,BEAR - CAMP FAR WEST,0.00,0.00,0.00,0.00,0.00,0.00,0.00,0.00,0.00,0.00,0.01,0.13,0.11,0.06,0.02,0.02,0.03,0.01,0.00,0.00,0.02,0.00,0.00,0.00
DCWC1,Feather / Yuba,DRY CK - WHEATLAND,0.00,0.00,0.00,0.00,0.00,0.00,0.00,0.00,0.00,0.00,0.02,0.12,0.09,0.05,0.02,0.02,0.02,0.00,0.00,0.00,0.02,0.00,0.00,0.00
NCOC1,Feather / Yuba,FEATHER - NICOLAUS L,0.00,0.00,0.00,0.00,0.00,0.00,0.00,0.00,0.00,0.00,0.01,0.09,0.06,0.02,0.01,0.00,0.01,0.00,0.00,0.00,0.01,0.00,0.00,0.00
ANTC1,Feather / Yuba,INDIAN CK - ANTELOPE,0.00,0.00,0.00,0.00,0.00,0.00,0.00,0.00,0.00,0.00,0.00,0.04,0.07,0.02,0.00,0.00,0.00,0.00,0.00,0.00,0.01,0.00,0.00,0.00
DVSC1,Feather / Yuba,BIG GRIZZLY CK - DVS,0.00,0.00,0.00,0.00,0.00,0.00,0.00,0.00,0.00,0.00,0.00,0.06,0.11,0.03,0.00,0.00,0.00,0.00,0.00,0.00,0.01,0.00,0.00,0.00
FHDC1,Feather / Yuba,LTL LAST CHNC - FNCH,0.00,0.00,0.00,0.00,0.00,0.00,0.00,0.00,0.00,0.00,0.00,0.00,0.03,0.00,0.00,0.00,0.00,0.00,0.00,0.00,0.00,0.00,0.00,0.00
NFDC1,American,NF AMER - NF DAM,0.00,0.00,0.00,0.00,0.00,0.00,0.00,0.00,0.00,0.00,0.00,0.15,0.18,0.09,0.03,0.03,0.04,0.01,0.00,0.00,0.02,0.01,0.00,0.00
FMDC1,American,MF AMER - FRENCH MDW,0.00,0.00,0.00,0.00,0.00,0.00,0.00,0.00,0.00,0.00,0.00,0.12,0.20,0.11,0.03,0.02,0.03,0.00,0.00,0.00,0.01,0.00,0.00,0.00
RBBC1,American,RUBICON - ROCKBOUND,0.00,0.00,0.00,0.00,0.00,0.00,0.00,0.00,0.00,0.00,0.00,0.07,0.15,0.08,0.02,0.01,0.01,0.00,0.00,0.00,0.01,0.00,0.00,0.00
HLLC1,American,RUBICON - HELL HOLE,0.00,0.00,0.00,0.00,0.00,0.00,0.00,0.00,0.00,0.00,0.00,0.10,0.18,0.10,0.02,0.01,0.02,0.00,0.00,0.00,0.01,0.00,0.00,0.00
LNLC1,American,LOON LAKE LOC,0.00,0.00,0.00,0.00,0.00,0.00,0.00,0.00,0.00,0.00,0.00,0.10,0.17,0.09,0.03,0.01,0.01,0.00,0.00,0.00,0.01,0.00,0.00,0.00
RRGC1,American,SF RUBICON - GERLE,0.00,0.00,0.00,0.00,0.00,0.00,0.00,0.00,0.00,0.00,0.00,0.10,0.17,0.09,0.03,0.02,0.02,0.00,0.00,0.00,0.01,0.00,0.00,0.00
SPYC1,American,PILOT CK - AB STUMPY,0.00,0.00,0.00,0.00,0.00,0.00,0.00,0.00,0.00,0.00,0.00,0.10,0.15,0.08,0.03,0.02,0.02,0.00,0.00,0.00,0.01,0.00,0.00,0.00
RUFC1,American,RUBICON - FRSTHILL L,0.00,0.00,0.00,0.00,0.00,0.00,0.00,0.00,0.00,0.00,0.00,0.11,0.16,0.09,0.03,0.02,0.02,0.00,0.00,0.00,0.02,0.00,0.00,0.00
NMFC1,American,NF MF AMRCN - FRSTHL,0.00,0.00,0.00,0.00,0.00,0.00,0.00,0.00,0.00,0.00,0.00,0.14,0.19,0.10,0.04,0.03,0.03,0.01,0.00,0.00,0.02,0.01,0.00,0.00
MFAC1,American,MF AMER - FRSTHL LOC,0.00,0.00,0.00,0.00,0.00,0.00,0.00,0.00,0.00,0.00,0.00,0.12,0.15,0.09,0.03,0.02,0.02,0.01,0.00,0.00,0.02,0.01,0.00,0.00
MFPC1,American,MF AMER - AB MF PH,0.00,0.00,0.00,0.00,0.00,0.00,0.00,0.00,0.00,0.00,0.00,0.13,0.20,0.10,0.03,0.02,0.03,0.00,0.00,0.00,0.02,0.00,0.00,0.00
AKYC1,American,SF AMERICAN - KYBURZ,0.00,0.00,0.00,0.00,0.00,0.00,0.00,0.00,0.00,0.00,0.00,0.05,0.11,0.06,0.01,0.00,0.00,0.00,0.00,0.00,0.00,0.00,0.00,0.00
UNVC1,American,SILVER CK - UNION VL,0.00,0.00,0.00,0.00,0.00,0.00,0.00,0.00,0.00,0.00,0.00,0.08,0.15,0.07,0.03,0.01,0.01,0.00,0.00,0.00,0.01,0.00,0.00,0.00
ICHC1,American,SILVER - ICE HOUSE R,0.00,0.00,0.00,0.00,0.00,0.00,0.00,0.00,0.00,0.00,0.00,0.07,0.13,0.07,0.02,0.01,0.00,0.00,0.00,0.00,0.01,0.00,0.00,0.00
SVCC1,American,SILVER - CAMINO DM L,0.00,0.00,0.00,0.00,0.00,0.00,0.00,0.00,0.00,0.00,0.00,0.09,0.14,0.07,0.03,0.01,0.01,0.00,0.00,0.00,0.01,0.00,0.00,0.00
CBAC1,American,SF AMER - CBAR LOCAL,0.00,0.00,0.00,0.00,0.00,0.00,0.00,0.00,0.00,0.00,0.00,0.08,0.10,0.06,0.02,0.01,0.01,0.00,0.00,0.00,0.02,0.00,0.00,0.00
FOLC1,American,AMER - FOLSOM LOC,0.00,0.00,0.00,0.00,0.00,0.00,0.00,0.00,0.00,0.00,0.00,0.07,0.07,0.04,0.02,0.01,0.01,0.00,0.00,0.00,0.02,0.00,0.00,0.00
NIMC1,American,AMERICAN - NIMBUS,0.00,0.00,0.00,0.00,0.00,0.00,0.00,0.00,0.00,0.00,0.00,0.04,0.03,0.01,0.00,0.00,0.00,0.00,0.00,0.00,0.01,0.00,0.00,0.00
MUPC1,Cache Ck / Putah,MIDDLE CK - UPR LAKE,0.00,0.00,0.00,0.00,0.00,0.00,0.00,0.00,0.00,0.05,0.13,0.21,0.09,0.05,0.03,0.02,0.02,0.02,0.01,0.02,0.02,0.00,0.00,0.00
SKPC1,Cache Ck / Putah,SANTA PAULA CK,0.00,0.00,0.00,0.00,0.00,0.00,0.00,0.00,0.00,0.02,0.10,0.18,0.08,0.05,0.03,0.01,0.03,0.01,0.01,0.02,0.02,0.00,0.00,0.00
KCVC1,Cache Ck / Putah,KELSEY CK - KLSYVL,0.00,0.00,0.00,0.00,0.00,0.00,0.00,0.00,0.00,0.00,0.10,0.19,0.11,0.08,0.04,0.03,0.04,0.02,0.00,0.01,0.02,0.00,0.00,0.00
CLKC1,Cache Ck / Putah,CACHE CK - CLEAR LK,0.00,0.00,0.00,0.00,0.00,0.00,0.00,0.00,0.00,0.01,0.08,0.15,0.07,0.05,0.02,0.01,0.02,0.01,0.00,0.01,0.01,0.00,0.00,0.00
HOUC1,Cache Ck / Putah,NF CACHE CK - HS,0.00,0.00,0.00,0.00,0.00,0.00,0.00,0.00,0.00,0.03,0.11,0.18,0.09,0.05,0.02,0.01,0.02,0.01,0.00,0.01,0.02,0.00,0.00,0.00
INVC1,Cache Ck / Putah,CACHE CK - INDN VLY,0.00,0.00,0.00,0.00,0.00,0.00,0.00,0.00,0.00,0.00,0.07,0.13,0.07,0.03,0.01,0.01,0.01,0.00,0.00,0.01,0.01,0.00,0.00,0.00
HCHC1,Cache Ck / Putah,BEAR CK - RUMSEY NR,0.00,0.00,0.00,0.00,0.00,0.00,0.00,0.00,0.00,0.00,0.04,0.11,0.05,0.02,0.00,0.00,0.00,0.00,0.00,0.01,0.01,0.00,0.00,0.00
RMSC1,Cache Ck / Putah,CACHE CK - RUMSY LOC,0.00,0.00,0.00,0.00,0.00,0.00,0.00,0.00,0.00,0.00,0.04,0.11,0.06,0.03,0.01,0.00,0.00,0.00,0.00,0.01,0.01,0.00,0.00,0.00
YLOC1,Cache Ck / Putah,,0.00,0.00,0.00,0.00,0.00,0.00,0.00,0.00,0.00,0.00,0.00,0.08,0.05,0.02,0.00,0.00,0.00,0.00,0.00,0.00,0.01,0.00,0.00,0.00
PCGC1,Cache Ck / Putah,PUTAH CK - GUENOC,0.00,0.00,0.00,0.00,0.00,0.00,0.00,0.00,0.00,0.00,0.06,0.17,0.10,0.07,0.03,0.03,0.02,0.01,0.00,0.01,0.01,0.00,0.00,0.00
LBEC1,Cache Ck / Putah,LK BERRYESSA,0.00,0.00,0.00,0.00,0.00,0.00,0.00,0.00,0.00,0.00,0.01,0.12,0.07,0.04,0.01,0.01,0.01,0.00,0.00,0.01,0.01,0.00,0.00,0.00
RCVC1,Lower Sacramento,CHEROKEE CNL - RCHVL,0.00,0.00,0.00,0.00,0.00,0.00,0.00,0.00,0.00,0.00,0.09,0.23,0.11,0.06,0.04,0.04,0.03,0.01,0.01,0.01,0.03,0.00,0.00,0.00
FMWC1,Lower Sacramento,SAC - FREMONT LOC,0.00,0.00,0.00,0.00,0.00,0.00,0.00,0.00,0.00,0.00,0.05,0.11,0.05,0.02,0.00,0.00,0.00,0.00,0.00,0.00,0.01,0.00,0.00,0.00
SAMC1,Lower Sacramento,AMER - H STREET LOC,0.00,0.00,0.00,0.00,0.00,0.00,0.00,0.00,0.00,0.00,0.00,0.03,0.03,0.01,0.00,0.00,0.00,0.00,0.00,0.00,0.01,0.00,0.00,0.00
SACC1,Lower Sacramento,SAC - I STREET LOC,0.00,0.00,0.00,0.00,0.00,0.00,0.00,0.00,0.00,0.00,0.00,0.06,0.05,0.02,0.00,0.00,0.00,0.00,0.00,0.00,0.01,0.00,0.00,0.00
ISAC1,Tulare,KERN - ISABELLA,0.00,0.00,0.00,0.00,0.00,0.00,0.00,0.00,0.00,0.00,0.00,0.00,0.00,0.00,0.00,0.00,0.00,0.00,0.00,0.00,0.00,0.00,0.00,0.00
SCSC1,Tulare,TULE - SUCCESS,0.00,0.00,0.00,0.00,0.00,0.00,0.00,0.00,0.00,0.00,0.00,0.00,0.00,0.00,0.00,0.00,0.00,0.00,0.00,0.00,0.00,0.00,0.00,0.00
TMDC1,Tulare,KAWEAH - TERMINUS,0.00,0.00,0.00,0.00,0.00,0.00,0.00,0.00,0.00,0.00,0.00,0.00,0.00,0.00,0.00,0.00,0.00,0.00,0.00,0.00,0.00,0.00,0.00,0.00
DLMC1,Tulare,DRY CK - LEMONCOVE,0.00,0.00,0.00,0.00,0.00,0.00,0.00,0.00,0.00,0.00,0.00,0.00,0.00,0.00,0.00,0.00,0.00,0.00,0.00,0.00,0.00,0.00,0.00,0.00
PFTC1,Tulare,KINGS - PINE FLAT,0.00,0.00,0.00,0.00,0.00,0.00,0.00,0.00,0.00,0.00,0.00,0.00,0.00,0.00,0.00,0.00,0.00,0.00,0.00,0.00,0.00,0.00,0.00,0.00
MLPC1,Tulare,MILL CK - PIEDRA,0.00,0.00,0.00,0.00,0.00,0.00,0.00,0.00,0.00,0.00,0.00,0.00,0.00,0.00,0.00,0.00,0.00,0.00,0.00,0.00,0.00,0.00,0.00,0.00
KKVC1,Tulare,KERN-FAIRVIEW DAM,0.00,0.00,0.00,0.00,0.00,0.00,0.00,0.00,0.00,0.00,0.00,0.00,0.00,0.00,0.00,0.00,0.00,0.00,0.00,0.00,0.00,0.00,0.00,0.00
SKRC1,Tulare,SF KERN-ONYX,0.00,0.00,0.00,0.00,0.00,0.00,0.00,0.00,0.00,0.00,0.00,0.00,0.00,0.00,0.00,0.00,0.00,0.00,0.00,0.00,0.00,0.00,0.00,0.00
KTRC1,Tulare,KAWEAH-THREE RIVERS,0.00,0.00,0.00,0.00,0.00,0.00,0.00,0.00,0.00,0.00,0.00,0.00,0.00,0.00,0.00,0.00,0.00,0.00,0.00,0.00,0.00,0.00,0.00,0.00
TVRC1,Tulare,SF TULE - RSRVTN BDY,0.00,0.00,0.00,0.00,0.00,0.00,0.00,0.00,0.00,0.00,0.00,0.00,0.00,0.00,0.00,0.00,0.00,0.00,0.00,0.00,0.00,0.00,0.00,0.00
FRAC1,San Joaquin,SAN JOAQUIN - FRIANT,0.00,0.00,0.00,0.00,0.00,0.00,0.00,0.00,0.00,0.00,0.00,0.00,0.00,0.00,0.00,0.00,0.00,0.00,0.00,0.00,0.00,0.00,0.00,0.00
LTDC1,San Joaquin,LITTL DRY CK- FRIANT,0.00,0.00,0.00,0.00,0.00,0.00,0.00,0.00,0.00,0.00,0.00,0.00,0.00,0.00,0.00,0.00,0.00,0.00,0.00,0.00,0.00,0.00,0.00,0.00
HIDC1,San Joaquin,FRESNO - HIDDEN,0.00,0.00,0.00,0.00,0.00,0.00,0.00,0.00,0.00,0.00,0.00,0.00,0.00,0.00,0.00,0.00,0.00,0.00,0.00,0.00,0.00,0.00,0.00,0.00
BHNC1,San Joaquin,CHOWCHILLA - BUCHANN,0.00,0.00,0.00,0.00,0.00,0.00,0.00,0.00,0.00,0.00,0.00,0.00,0.00,0.00,0.00,0.00,0.00,0.00,0.00,0.00,0.00,0.00,0.00,0.00
MPAC1,San Joaquin,MARIPOSA CK - MP RES,0.00,0.00,0.00,0.00,0.00,0.00,0.00,0.00,0.00,0.00,0.00,0.00,0.00,0.00,0.00,0.00,0.00,0.00,0.00,0.00,0.00,0.00,0.00,0.00
OWCC1,San Joaquin,OWENS CK - OWENS RES,0.00,0.00,0.00,0.00,0.00,0.00,0.00,0.00,0.00,0.00,0.00,0.00,0.00,0.00,0.00,0.00,0.00,0.00,0.00,0.00,0.00,0.00,0.00,0.00
BCKC1,San Joaquin,BEAR CK - BEAR RES,0.00,0.00,0.00,0.00,0.00,0.00,0.00,0.00,0.00,0.00,0.00,0.00,0.00,0.00,0.00,0.00,0.00,0.00,0.00,0.00,0.00,0.00,0.00,0.00
BNCC1,San Joaquin,BURNS CK - BURNS RES,0.00,0.00,0.00,0.00,0.00,0.00,0.00,0.00,0.00,0.00,0.00,0.00,0.00,0.00,0.00,0.00,0.00,0.00,0.00,0.00,0.00,0.00,0.00,0.00
MEEC1,San Joaquin,BEAR CK - MCKEE LOC,0.00,0.00,0.00,0.00,0.00,0.00,0.00,0.00,0.00,0.00,0.00,0.00,0.00,0.00,0.00,0.00,0.00,0.00,0.00,0.00,0.00,0.00,0.00,0.00
HPIC1,San Joaquin,MERCED - HAPPY ISLES,0.00,0.00,0.00,0.00,0.00,0.00,0.00,0.00,0.00,0.00,0.00,0.00,0.00,0.00,0.00,0.00,0.00,0.00,0.00,0.00,0.00,0.00,0.00,0.00
POHC1,San Joaquin,MERCED - POHONO BR L,0.00,0.00,0.00,0.00,0.00,0.00,0.00,0.00,0.00,0.00,0.00,0.00,0.01,0.00,0.00,0.00,0.00,0.00,0.00,0.00,0.00,0.00,0.00,0.00
EXQC1,San Joaquin,MERCED - N EXCHR LOC,0.00,0.00,0.00,0.00,0.00,0.00,0.00,0.00,0.00,0.00,0.00,0.00,0.00,0.00,0.00,0.00,0.00,0.00,0.00,0.00,0.00,0.00,0.00,0.00
DSNC1,San Joaquin,DRY CK - SNELLING,0.00,0.00,0.00,0.00,0.00,0.00,0.00,0.00,0.00,0.00,0.00,0.00,0.00,0.00,0.00,0.00,0.00,0.00,0.00,0.00,0.00,0.00,0.00,0.00
STVC1,San Joaquin,MERCED - STEVNSN LOC,0.00,0.00,0.00,0.00,0.00,0.00,0.00,0.00,0.00,0.00,0.00,0.00,0.00,0.00,0.00,0.00,0.00,0.00,0.00,0.00,0.00,0.00,0.00,0.00
NWMC1,San Joaquin,SAN JOAQ - NEWMN LOC,0.00,0.00,0.00,0.00,0.00,0.00,0.00,0.00,0.00,0.00,0.00,0.00,0.00,0.00,0.00,0.00,0.00,0.00,0.00,0.00,0.00,0.00,0.00,0.00
LGCC1,San Joaquin,LOS GATOS C-COALINGA,0.00,0.00,0.00,0.00,0.00,0.00,0.00,0.00,0.00,0.00,0.00,0.00,0.00,0.00,0.00,0.00,0.00,0.00,0.00,0.00,0.00,0.00,0.00,0.00
WARC1,San Joaquin,WARTHAN CK-COALINGA,0.00,0.00,0.00,0.00,0.00,0.00,0.00,0.00,0.00,0.00,0.00,0.00,0.00,0.00,0.00,0.00,0.00,0.00,0.00,0.00,0.00,0.00,0.00,0.00
LGAC1,San Joaquin,LOS GATOS C-ELDORADO,0.00,0.00,0.00,0.00,0.00,0.00,0.00,0.00,0.00,0.00,0.00,0.00,0.00,0.00,0.00,0.00,0.00,0.00,0.00,0.00,0.00,0.00,0.00,0.00
PNEC1,San Joaquin,PANOCHE CK - NR I-5,0.00,0.00,0.00,0.00,0.00,0.00,0.00,0.00,0.00,0.00,0.00,0.00,0.00,0.00,0.00,0.00,0.00,0.00,0.00,0.00,0.00,0.00,0.00,0.00
LBDC1,San Joaquin,LOS BANOS RSVR,0.00,0.00,0.00,0.00,0.00,0.00,0.00,0.00,0.00,0.00,0.00,0.00,0.00,0.00,0.00,0.00,0.00,0.00,0.00,0.00,0.00,0.00,0.00,0.00
OREC1,North San Joaquin,ORESTIMBA CK-NEWMAN,0.00,0.00,0.00,0.00,0.00,0.00,0.00,0.00,0.00,0.00,0.00,0.00,0.00,0.00,0.00,0.00,0.00,0.00,0.00,0.00,0.00,0.00,0.00,0.00
FRGC1,North San Joaquin,FARMINGTON RES,0.00,0.00,0.00,0.00,0.00,0.00,0.00,0.00,0.00,0.00,0.00,0.00,0.00,0.00,0.00,0.00,0.00,0.00,0.00,0.00,0.00,0.00,0.00,0.00
PATC1,North San Joaquin,SAN JOAQ - PATSN LOC,0.00,0.00,0.00,0.00,0.00,0.00,0.00,0.00,0.00,0.00,0.00,0.00,0.00,0.00,0.00,0.00,0.00,0.00,0.00,0.00,0.00,0.00,0.00,0.00
NHGC1,North San Joaquin,CALAVERAS - N HOGAN,0.00,0.00,0.00,0.00,0.00,0.00,0.00,0.00,0.00,0.00,0.00,0.01,0.03,0.01,0.00,0.00,0.00,0.00,0.00,0.00,0.01,0.00,0.00,0.00
MSGC1,North San Joaquin,MORMON SLOUGH - BLTA,0.00,0.00,0.00,0.00,0.00,0.00,0.00,0.00,0.00,0.00,0.00,0.00,0.01,0.00,0.00,0.00,0.00,0.00,0.00,0.00,0.01,0.00,0.00,0.00
CMPC1,North San Joaquin,MOKELUMNE - PARDEE,0.00,0.00,0.00,0.00,0.00,0.00,0.00,0.00,0.00,0.00,0.00,0.04,0.08,0.04,0.01,0.00,0.00,0.00,0.00,0.00,0.00,0.00,0.00,0.00
EDOC1,North San Joaquin,NF COSUMNES-ELDORADO,0.00,0.00,0.00,0.00,0.00,0.00,0.00,0.00,0.00,0.00,0.00,0.06,0.10,0.05,0.02,0.01,0.00,0.00,0.00,0.00,0.01,0.00,0.00,0.00
SOSC1,North San Joaquin,MF COSUMNES-SOMERSET,0.00,0.00,0.00,0.00,0.00,0.00,0.00,0.00,0.00,0.00,0.00,0.06,0.10,0.06,0.01,0.01,0.00,0.00,0.00,0.00,0.01,0.00,0.00,0.00
MHBC1,North San Joaquin,COSUMNES - MICHBAR L,0.00,0.00,0.00,0.00,0.00,0.00,0.00,0.00,0.00,0.00,0.00,0.04,0.05,0.02,0.01,0.01,0.00,0.00,0.00,0.00,0.01,0.00,0.00,0.00
MCNC1,North San Joaquin,COSUMNES - MCCNNLL L,0.00,0.00,0.00,0.00,0.00,0.00,0.00,0.00,0.00,0.00,0.00,0.03,0.03,0.01,0.00,0.00,0.00,0.00,0.00,0.00,0.01,0.00,0.00,0.00
THTC1,North San Joaquin,MOKELUMNE - BNSN F L,0.00,0.00,0.00,0.00,0.00,0.00,0.00,0.00,0.00,0.00,0.00,0.01,0.02,0.00,0.00,0.00,0.00,0.00,0.00,0.00,0.01,0.00,0.00,0.00
HETC1,North San Joaquin,TUOLUMNE - H HETCHY,0.00,0.00,0.00,0.00,0.00,0.00,0.00,0.00,0.00,0.00,0.00,0.00,0.02,0.01,0.01,0.00,0.00,0.00,0.00,0.00,0.00,0.00,0.00,0.00
LNRC1,North San Joaquin,ELEANOR CK - LK ELNR,0.00,0.00,0.00,0.00,0.00,0.00,0.00,0.00,0.00,0.00,0.00,0.01,0.04,0.04,0.01,0.01,0.00,0.00,0.00,0.00,0.00,0.00,0.00,0.00
CHVC1,North San Joaquin,CHERRY CK-CHERRY VLY,0.00,0.00,0.00,0.00,0.00,0.00,0.00,0.00,0.00,0.00,0.00,0.01,0.05,0.05,0.01,0.01,0.00,0.00,0.00,0.00,0.00,0.00,0.00,0.00
NDPC1,North San Joaquin,TUOLUMNE - DON PEDRO,0.00,0.00,0.00,0.00,0.00,0.00,0.00,0.00,0.00,0.00,0.00,0.00,0.02,0.01,0.00,0.00,0.00,0.00,0.00,0.00,0.00,0.00,0.00,0.00
DRYC1,North San Joaquin,DRY CK - CRABTREE RD,0.00,0.00,0.00,0.00,0.00,0.00,0.00,0.00,0.00,0.00,0.00,0.00,0.00,0.00,0.00,0.00,0.00,0.00,0.00,0.00,0.00,0.00,0.00,0.00
DCMC1,North San Joaquin,DRY CK - MODESTO,0.00,0.00,0.00,0.00,0.00,0.00,0.00,0.00,0.00,0.00,0.00,0.00,0.00,0.00,0.00,0.00,0.00,0.00,0.00,0.00,0.00,0.00,0.00,0.00
MDSC1,North San Joaquin,TUOLUMNE - MDSTO LOC,0.00,0.00,0.00,0.00,0.00,0.00,0.00,0.00,0.00,0.00,0.00,0.00,0.00,0.00,0.00,0.00,0.00,0.00,0.00,0.00,0.00,0.00,0.00,0.00
NMSC1,North San Joaquin,STANISLAUS - N MELNS,0.00,0.00,0.00,0.00,0.00,0.00,0.00,0.00,0.00,0.00,0.00,0.02,0.05,0.03,0.00,0.00,0.00,0.00,0.00,0.00,0.00,0.00,0.00,0.00
KNFC1,North San Joaquin,STANISLAUS - GWN LOC,0.00,0.00,0.00,0.00,0.00,0.00,0.00,0.00,0.00,0.00,0.00,0.00,0.00,0.00,0.00,0.00,0.00,0.00,0.00,0.00,0.00,0.00,0.00,0.00
OBBC1,North San Joaquin,STANISLAUS - OBB LOC,0.00,0.00,0.00,0.00,0.00,0.00,0.00,0.00,0.00,0.00,0.00,0.00,0.00,0.00,0.00,0.00,0.00,0.00,0.00,0.00,0.00,0.00,0.00,0.00
RIPC1,North San Joaquin,STANISLAUS - RPN LOC,0.00,0.00,0.00,0.00,0.00,0.00,0.00,0.00,0.00,0.00,0.00,0.00,0.00,0.00,0.00,0.00,0.00,0.00,0.00,0.00,0.00,0.00,0.00,0.00
PTTC1,North San Joaquin,DEL PUERTO CK - PATT,0.00,0.00,0.00,0.00,0.00,0.00,0.00,0.00,0.00,0.00,0.00,0.00,0.00,0.00,0.00,0.00,0.00,0.00,0.00,0.00,0.00,0.00,0.00,0.00
VNSC1,North San Joaquin,SAN JOAQ - VRNLS LOC,0.00,0.00,0.00,0.00,0.00,0.00,0.00,0.00,0.00,0.00,0.00,0.00,0.00,0.00,0.00,0.00,0.00,0.00,0.00,0.00,0.00,0.00,0.00,0.00
MOSC1,North San Joaquin,SAN JOAQ - MOSDL LOC,0.00,0.00,0.00,0.00,0.00,0.00,0.00,0.00,0.00,0.00,0.00,0.00,0.00,0.00,0.00,0.00,0.00,0.00,0.00,0.00,0.00,0.00,0.00,0.00
NDVC1,North San Joaquin,NF STANISLAUS-DIVERS,0.00,0.00,0.00,0.00,0.00,0.00,0.00,0.00,0.00,0.00,0.00,0.03,0.09,0.05,0.01,0.01,0.00,0.00,0.00,0.00,0.00,0.00,0.00,0.00
AVYC1,North San Joaquin,NF STANISLAUS-AVERY,0.00,0.00,0.00,0.00,0.00,0.00,0.00,0.00,0.00,0.00,0.00,0.04,0.09,0.05,0.01,0.01,0.00,0.00,0.00,0.00,0.00,0.00,0.00,0.00
NSWC1,North San Joaquin,NEW SPICER MEADOWS,0.00,0.00,0.00,0.00,0.00,0.00,0.00,0.00,0.00,0.00,0.00,0.03,0.09,0.05,0.01,0.01,0.00,0.00,0.00,0.00,0.00,0.00,0.00,0.00
SUSC1,East Sierra,SUSAN - SUSANVILLE,0.00,0.00,0.00,0.00,0.00,0.00,0.00,0.00,0.00,0.00,0.01,0.07,0.10,0.03,0.00,0.01,0.00,0.00,0.00,0.00,0.01,0.00,0.00,0.00
TAHC1,East Sierra,LAKE TAHOE,0.00,0.00,0.00,0.00,0.00,0.00,0.00,0.00,0.00,0.00,0.00,0.02,0.07,0.03,0.00,0.00,0.00,0.00,0.00,0.00,0.00,0.00,0.00,0.00
TRCC1,East Sierra,TRUCKEE - TRUCKEE,0.00,0.00,0.00,0.00,0.00,0.00,0.00,0.00,0.00,0.00,0.00,0.06,0.13,0.07,0.01,0.00,0.00,0.00,0.00,0.00,0.01,0.00,0.00,0.00
DNRC1,East Sierra,DONNER CK - DONNER L,0.00,0.00,0.00,0.00,0.00,0.00,0.00,0.00,0.00,0.00,0.00,0.07,0.13,0.06,0.00,0.00,0.00,0.00,0.00,0.00,0.01,0.00,0.00,0.00
MTSC1,East Sierra,MARTIS CK UP,0.00,0.00,0.00,0.00,0.00,0.00,0.00,0.00,0.00,0.00,0.00,0.02,0.08,0.04,0.00,0.00,0.00,0.00,0.00,0.00,0.00,0.00,0.00,0.00
PSRC1,East Sierra,PROSSER CK - PROSSER,0.00,0.00,0.00,0.00,0.00,0.00,0.00,0.00,0.00,0.00,0.00,0.04,0.10,0.05,0.00,0.00,0.00,0.00,0.00,0.00,0.01,0.00,0.00,0.00
ILAC1,East Sierra,INDEPENDENCE LAKE,0.00,0.00,0.00,0.00,0.00,0.00,0.00,0.00,0.00,0.00,0.00,0.08,0.14,0.07,0.00,0.00,0.00,0.00,0.00,0.00,0.01,0.00,0.00,0.00
SGNC1,East Sierra,SAGEHEN CK - TRUCKEE,0.00,0.00,0.00,0.00,0.00,0.00,0.00,0.00,0.00,0.00,0.00,0.05,0.11,0.05,0.00,0.00,0.00,0.00,0.00,0.00,0.01,0.00,0.00,0.00
STPC1,East Sierra,LTL TRUCKEE - STAMPD,0.00,0.00,0.00,0.00,0.00,0.00,0.00,0.00,0.00,0.00,0.00,0.05,0.10,0.05,0.00,0.00,0.00,0.00,0.00,0.00,0.01,0.00,0.00,0.00
BCAC1,East Sierra,LTL TRUCKEE - BOCA L,0.00,0.00,0.00,0.00,0.00,0.00,0.00,0.00,0.00,0.00,0.00,0.01,0.06,0.03,0.00,0.00,0.00,0.00,0.00,0.00,0.00,0.00,0.00,0.00
FARC1,East Sierra,TRUCKEE - FARAD LOC,0.00,0.00,0.00,0.00,0.00,0.00,0.00,0.00,0.00,0.00,0.00,0.02,0.08,0.04,0.00,0.00,0.00,0.00,0.00,0.00,0.00,0.00,0.00,0.00
TRRN2,East Sierra,TRUCKEE - RENO LOC,0.00,0.00,0.00,0.00,0.00,0.00,0.00,0.00,0.00,0.00,0.00,0.00,0.02,0.01,0.00,0.00,0.00,0.00,0.00,0.00,0.00,0.00,0.00,0.00
SCRN2,East Sierra,STEAMBOAT CK - STMBT,0.00,0.00,0.00,0.00,0.00,0.00,0.00,0.00,0.00,0.00,0.00,0.00,0.01,0.00,0.00,0.00,0.00,0.00,0.00,0.00,0.00,0.00,0.00,0.00
VISN2,East Sierra,TRUCKEE - VISTA LOC,0.00,0.00,0.00,0.00,0.00,0.00,0.00,0.00,0.00,0.00,0.00,0.00,0.00,0.00,0.00,0.00,0.00,0.00,0.00,0.00,0.00,0.00,0.00,0.00
WOOC1,East Sierra,WF CARSON - WOODFRDS,0.00,0.00,0.00,0.00,0.00,0.00,0.00,0.00,0.00,0.00,0.00,0.02,0.06,0.03,0.00,0.00,0.00,0.00,0.00,0.00,0.00,0.00,0.00,0.00
CEMC1,East Sierra,EF CARSON-MRKLEEVLLE,0.00,0.00,0.00,0.00,0.00,0.00,0.00,0.00,0.00,0.00,0.00,0.00,0.02,0.01,0.00,0.00,0.00,0.00,0.00,0.00,0.00,0.00,0.00,0.00
GRDN2,East Sierra,EF CARSON - GRDNVL L,0.00,0.00,0.00,0.00,0.00,0.00,0.00,0.00,0.00,0.00,0.00,0.00,0.00,0.00,0.00,0.00,0.00,0.00,0.00,0.00,0.00,0.00,0.00,0.00
STWN2,East Sierra,CARSON - CRSN CITY L,0.00,0.00,0.00,0.00,0.00,0.00,0.00,0.00,0.00,0.00,0.00,0.00,0.00,0.00,0.00,0.00,0.00,0.00,0.00,0.00,0.00,0.00,0.00,0.00
WWBC1,East Sierra,W WALKER - COLEVILLE,0.00,0.00,0.00,0.00,0.00,0.00,0.00,0.00,0.00,0.00,0.00,0.00,0.01,0.00,0.00,0.00,0.00,0.00,0.00,0.00,0.00,0.00,0.00,0.00
HOYN2,East Sierra,W WALKER - HOYE BR,0.00,0.00,0.00,0.00,0.00,0.00,0.00,0.00,0.00,0.00,0.00,0.00,0.00,0.00,0.00,0.00,0.00,0.00,0.00,0.00,0.00,0.00,0.00,0.00
WWHN2,East Sierra,W WALKER - HUDSON UP,0.00,0.00,0.00,0.00,0.00,0.00,0.00,0.00,0.00,0.00,0.00,0.00,0.00,0.00,0.00,0.00,0.00,0.00,0.00,0.00,0.00,0.00,0.00,0.00
BPRC1,East Sierra,E WALKER - BRIDGEPRT,0.00,0.00,0.00,0.00,0.00,0.00,0.00,0.00,0.00,0.00,0.00,0.00,0.00,0.00,0.00,0.00,0.00,0.00,0.00,0.00,0.00,0.00,0.00,0.00
EWSN2,East Sierra,E WALKER - STROSNIDE,0.00,0.00,0.00,0.00,0.00,0.00,0.00,0.00,0.00,0.00,0.00,0.00,0.00,0.00,0.00,0.00,0.00,0.00,0.00,0.00,0.00,0.00,0.00,0.00
LWON2,East Sierra,STEAMBOAT CK-WASHOE,0.00,0.00,0.00,0.00,0.00,0.00,0.00,0.00,0.00,0.00,0.00,0.00,0.01,0.00,0.00,0.00,0.00,0.00,0.00,0.00,0.00,0.00,0.00,0.00
SCWN2,East Sierra,STEAMBOAT CK-SPARKS,0.00,0.00,0.00,0.00,0.00,0.00,0.00,0.00,0.00,0.00,0.00,0.00,0.01,0.00,0.00,0.00,0.00,0.00,0.00,0.00,0.00,0.00,0.00,0.00
MHSN2,Humboldt,MARYS - HOT SPRINGSU,0.03,0.02,0.01,0.00,0.00,0.00,0.00,0.00,0.00,0.00,0.00,0.00,0.00,0.00,0.00,0.00,0.00,0.00,0.00,0.00,0.00,0.00,0.00,0.00
DEVN2,Humboldt,NF HUMBOLDT - DEVILS,0.01,0.01,0.00,0.00,0.00,0.00,0.00,0.00,0.00,0.00,0.00,0.00,0.00,0.00,0.00,0.00,0.00,0.00,0.00,0.00,0.00,0.00,0.00,0.00
HREN2,Humboldt,HUMBOLDT - ELKO LOC,0.01,0.02,0.01,0.00,0.00,0.00,0.00,0.00,0.00,0.00,0.00,0.00,0.00,0.00,0.00,0.00,0.00,0.00,0.00,0.00,0.00,0.00,0.00,0.00
LCLN2,Humboldt,LAMOILLE CK - LAMOIL,0.13,0.21,0.12,0.00,0.00,0.00,0.00,0.00,0.00,0.00,0.00,0.00,0.00,0.01,0.01,0.00,0.00,0.00,0.00,0.00,0.00,0.00,0.00,0.00
DIXN2,Humboldt,SF HUMBOLDT - ELKO,0.04,0.04,0.01,0.00,0.00,0.00,0.00,0.00,0.00,0.00,0.00,0.00,0.00,0.00,0.00,0.00,0.00,0.00,0.00,0.00,0.00,0.00,0.00,0.00
HRCN2,Humboldt,HUMBOLDT - CARLIN,0.00,0.01,0.00,0.00,0.00,0.00,0.00,0.00,0.00,0.00,0.00,0.00,0.00,0.00,0.00,0.00,0.00,0.00,0.00,0.00,0.00,0.00,0.00,0.00
PALN2,Humboldt,HUMBOLDT - PALSD LOC,0.01,0.01,0.00,0.00,0.00,0.00,0.00,0.00,0.00,0.00,0.00,0.00,0.00,0.00,0.00,0.00,0.00,0.00,0.00,0.00,0.00,0.00,0.00,0.00
ROCN2,Humboldt,ROCK CK - BTL MOUNTN,0.00,0.00,0.00,0.00,0.00,0.00,0.00,0.00,0.00,0.00,0.00,0.00,0.00,0.01,0.01,0.00,0.00,0.00,0.00,0.00,0.00,0.00,0.00,0.00
HBMN2,Humboldt,,0.00,0.00,0.00,0.00,0.00,0.00,0.00,0.00,0.00,0.00,0.00,0.00,0.00,0.00,0.00,0.00,0.00,0.00,0.00,0.00,0.00,0.00,0.00,0.00
CMSN2,Humboldt,,0.00,0.00,0.00,0.00,0.00,0.00,0.00,0.00,0.00,0.00,0.00,0.00,0.00,0.00,0.01,0.00,0.00,0.00,0.00,0.00,0.00,0.00,0.00,0.00
MARN2,Humboldt,MARTIN CK - PARADISE,0.00,0.00,0.00,0.00,0.00,0.00,0.00,0.00,0.00,0.00,0.00,0.00,0.09,0.04,0.00,0.00,0.00,0.00,0.00,0.00,0.00,0.00,0.00,0.00
LHPN2,Humboldt,LTL HUMBOLDT - PARAD,0.00,0.00,0.00,0.00,0.00,0.00,0.00,0.00,0.00,0.00,0.00,0.00,0.03,0.03,0.00,0.00,0.00,0.00,0.00,0.00,0.00,0.00,0.00,0.00
MDCN2,Humboldt,MCDERMITT CK,0.00,0.00,0.00,0.00,0.00,0.00,0.00,0.00,0.00,0.00,0.00,0.01,0.07,0.03,0.00,0.00,0.00,0.00,0.00,0.00,0.00,0.00,0.00,0.00
